evidence_id,outcome_domain,endpoint_type,analysis_population,comparison,intervention_effect,control_effect,effect_difference,effect_unit,between_group_p,within_group_p,direction,evidence_modifier,positive_efficacy_label,effect_parse_method,p_value_parse_method,structure_warning,source_final_value,source_note
PMID:40409234,weight,adiposity,aggregate_trial,probiotic_vs_control_change,-0.8,-1.7,0.900,kg change,0.28,,decrease,diet_confounded,limited,labeled_groups_split_on_vs,group_by_time_as_between_group,,probiotic -0.8 +/- 2.3 vs control -1.7 +/- 3.1,Energy-restricted diet in both arms; no significant probiotic group-by-time effect.
PMID:40409234,BMI,adiposity,aggregate_trial,probiotic_vs_control_change,-0.3,-0.6,0.300,kg/m2 change,0.22,,decrease,,limited,labeled_groups_split_on_vs,group_by_time_as_between_group,,probiotic -0.3 +/- 0.9 vs control -0.6 +/- 1.2,No significant probiotic group-by-time effect.
PMID:40409234,waist,adiposity,aggregate_trial,probiotic_vs_control_change,-1.3,-2.5,1.200,cm waist circumference change,0.10,,decrease,,limited,labeled_groups_split_on_vs,group_by_time_as_between_group,,probiotic -1.3 +/- 1.8 vs control -2.5 +/- 3.1,No significant probiotic group-by-time effect.
PMID:40409234,body_fat,adiposity,aggregate_trial,probiotic_vs_control_change,-0.69,-1.80,1.110,kg total fat mass change,0.11,,decrease,,limited,labeled_groups_split_on_vs,group_by_time_as_between_group,,probiotic -0.69 +/- 1.16 vs control -1.80 +/- 2.65,DXA total fat mass; no significant probiotic group-by-time effect.
PMID:40409234,glucose,metabolic,aggregate_trial,probiotic_vs_control_change,0,0,0.000,"% HbA1c change, median (IQR)",<0.01,,decrease,,yes,labeled_groups_split_on_vs,group_by_time_as_between_group,,probiotic 0 (-0.3; 0) vs control 0 (-0.1; 0.2),HbA1c decreased significantly in probiotic group; table reports significant group-by-time effect.
PMID:40409234,lipid,metabolic,aggregate_trial,probiotic_vs_control_change,0,0,0.000,"mg/dL triglyceride change, median (IQR)",0.10,,decrease,within_group_only_or_mixed,limited,labeled_groups_split_on_vs,group_by_time_as_between_group,,probiotic 0 (-49; 0) vs control 0 (-10; 6),TG decreased within probiotic group; no significant group-by-time effect.
PMID:37447365,weight,adiposity,aggregate_trial,probiotic_vs_placebo_change,-0.69,+0.37,-1.060,kg change,0.012,,decrease,,yes,labeled_groups_split_on_vs,unlabeled_first_p_value,,probiotic -0.69 +/- 2.17 vs placebo +0.37 +/- 1.87,Probiotic arm differed from placebo; synbiotic arm did not.
PMID:37447365,BMI,adiposity,aggregate_trial,probiotic_vs_placebo_change,-0.24,+0.13,-0.370,kg/m2 change,0.011,,decrease,,yes,labeled_groups_split_on_vs,unlabeled_first_p_value,,probiotic -0.24 +/- 0.74 vs placebo +0.13 +/- 0.63,Probiotic arm differed from placebo; synbiotic arm did not.
PMID:37447365,waist,adiposity,aggregate_trial,probiotic_vs_placebo_change,-1.57,-0.40,-1.170,cm waist circumference change,0.033,,decrease,,yes,labeled_groups_split_on_vs,unlabeled_first_p_value,,probiotic -1.57 +/- 2.70 vs placebo -0.40 +/- 2.55,Probiotic arm differed from placebo; synbiotic arm did not.
PMID:37447365,body_fat,adiposity,aggregate_trial,probiotic_vs_placebo_change,-0.61,+0.13,-0.740,kg body fat mass change,0.039,,decrease,,yes,labeled_groups_split_on_vs,unlabeled_first_p_value,,probiotic -0.61 +/- 1.94 vs placebo +0.13 +/- 1.64,Primary endpoint body fat mass; probiotic arm significant vs placebo.
PMID:37111082,weight,adiposity,PP,synbiotic_vs_placebo_endpoint,72.10,73.82,-1.720,kg endpoint,,,no significant between-group difference,between_group_not_significant; manual_caution,no,labeled_groups_split_on_vs,unlabeled_first_p_value,,synbiotic 72.10 +/- 12.85 vs placebo 73.82 +/- 12.28 at week 12,"No significant between-group difference; PDF text/table labels appear internally swapped, so use with caution."
PMID:37111082,BMI,adiposity,PP,synbiotic_vs_placebo_endpoint,26.85,27.46,-0.610,kg/m2 endpoint,,,no significant between-group difference,between_group_not_significant; manual_caution,no,labeled_groups_split_on_vs,unlabeled_first_p_value,,synbiotic 26.85 +/- 2.91 vs placebo 27.46 +/- 3.43 at week 12,"No significant between-group difference; PDF text/table labels appear internally swapped, so use with caution."
PMID:37111082,waist,adiposity,aggregate_trial,baseline_to_post_synbiotic_with_placebo_context,-2.57,+0.92,-3.490,% waist circumference change from baseline,,0.004,decrease,within_group_only_or_mixed,limited,labeled_groups_split_on_vs,explicit_within_group_only,between-group P value unavailable,synbiotic -2.57 vs placebo +0.92,Synbiotic within-group waist reduction significant; no significant between-group difference at study end.
PMID:37111082,body_fat,adiposity,aggregate_trial,baseline_to_post_synbiotic,-4.21,,,% body fat percentage change from baseline,,0.033,decrease,within_group_only_or_mixed,limited,single_group_or_unlabeled_value,explicit_within_group_only,control effect unavailable; between-group P value unavailable,synbiotic -4.21,Synbiotic within-group body-fat percentage reduction significant; no significant between-group difference at study end.
PMID:41512635,weight,adiposity,aggregate_trial,synbiotic_vs_placebo_change,+0.51,+0.54,-0.030,kg change,0.952,,no meaningful change,between_group_not_significant,no,labeled_groups_split_on_vs,unlabeled_first_p_value,,synbiotic +0.51 +/- 2.33 vs placebo +0.54 +/- 2.62,No significant between-group weight effect.
PMID:41512635,BMI,adiposity,aggregate_trial,synbiotic_vs_placebo_change,+0.22,+0.11,0.110,kg/m2 change,0.536,,no meaningful change,between_group_not_significant,no,labeled_groups_split_on_vs,unlabeled_first_p_value,,synbiotic +0.22 +/- 0.85 vs placebo +0.11 +/- 1.03,No significant between-group BMI effect.
PMID:41512635,waist,adiposity,aggregate_trial,synbiotic_vs_placebo_change,+0.26,+0.47,-0.210,cm waist circumference change,0.757,,no meaningful change,between_group_not_significant,no,labeled_groups_split_on_vs,unlabeled_first_p_value,,synbiotic +0.26 +/- 3.68 vs placebo +0.47 +/- 3.31,No significant between-group waist effect.
PMID:41512635,body_fat,adiposity,aggregate_trial,synbiotic_vs_placebo_change,-4.49,+3.32,-7.810,cm2 VAT area change,0.048,,decrease,,yes,labeled_groups_split_on_vs,unlabeled_first_p_value,,synbiotic -4.49 +/- 21.22 vs placebo +3.32 +/- 19.62,Primary endpoint VAT area; significant between-group change.
PMID:40416368,weight,adiposity,subgroup,probiotic_vs_placebo_endpoint_and_subgroup_weight_loss,9,78.51,-69.510,kg endpoint,<0.05,,decrease,between_group_not_significant; subgroup_only,no,labeled_groups_split_on_vs,unlabeled_first_p_value,multiple comparisons retained as first comparison only,BC99 80.39 +/- 12.74 vs placebo 78.51 +/- 10.89 at week 8; overweight subgroup BC99 76.07 +/- 10.73 vs placebo 73.54 +/- 7.76,Overall endpoint between-group p=0.52; overweight subgroup weight loss greater with BC99 per Supplementary Fig S1 p<0.05.
PMID:40416368,lipid,metabolic,aggregate_trial,probiotic_vs_placebo_endpoint,9,1.39,7.610,mmol/L triglyceride endpoint,0.29,,no significant between-group difference,,no,labeled_groups_split_on_vs,unlabeled_first_p_value,,TG BC99 1.46 +/- 0.57 vs placebo 1.39 +/- 0.78 at week 8,No significant lipid-profile difference between groups.
PMID:40416368,microbiome,microbiome,aggregate_trial,probiotic_vs_placebo_microbiome,0.04,,,PERMANOVA/ANOSIM statistic and p-value,0.03,,changed at week 4,,yes,single_group_or_unlabeled_value,unlabeled_first_p_value,control effect unavailable; multiple unlabeled P values; first retained,"beta diversity R=0.04, P=0.03 at week 4; R=0.03, P=0.09 at week 8",BC99 significantly altered beta diversity at week 4 but not week 8; Parabacteroides enriched in BC99 group.
PMID:40385498,weight,adiposity,aggregate_trial,synbiotic_vs_placebo_change,-0.80,-0.95,0.150,"kg change, median (IQR)",0.588,0.007,decrease within intervention only,between_group_not_significant; within_group_only_or_mixed; diet_confounded,no,labeled_groups_split_on_vs,explicit_between_group,,"intervention -0.80 (-1.49, -0.09) vs placebo -0.95 (-1.98, 0.70)",Between-group comparison not significant; low-calorie diet in both groups.
PMID:40385498,BMI,adiposity,aggregate_trial,synbiotic_vs_placebo_change,-0.31,-0.35,0.040,"kg/m2 change, median (IQR)",0.745,0.007,decrease within intervention only,between_group_not_significant; within_group_only_or_mixed,no,labeled_groups_split_on_vs,explicit_between_group,,"intervention -0.31 (-0.59, -0.04) vs placebo -0.35 (-0.79, 0.22)",Between-group comparison not significant; do not use as positive efficacy label.
PMID:40385498,glucose,metabolic,aggregate_trial,synbiotic_vs_placebo_change,-1.80,+2.50,-4.300,mg/dL FBS change and insulin qualitative,0.588,,no significant confirmed glucose improvement,unfavorable,no,labeled_groups_split_on_vs,unlabeled_first_p_value,multiple unlabeled P values; first retained,"FBS intervention -1.80 (-13.84, 5.75) vs placebo +2.50 (-13.00, 11.00); insulin increased in intervention",No FBS/HOMA-IR benefit; insulin increased in intervention group.
PMID:40385498,lipid,metabolic,aggregate_trial,synbiotic_vs_placebo_change,-3,+2,-5.000,"mg/dL change, median (IQR)",0.011,,no beneficial lipid improvement,between_group_not_significant; unfavorable,no,labeled_groups_split_on_vs,unlabeled_first_p_value,multiple comparisons retained as first comparison only; multiple unlabeled P values; first retained,"HDL intervention -3 (-15, 9) vs placebo +2 (-2.75, 7.00); TG intervention +13.50 vs placebo -8.00",HDL between-group change significant but unfavorable; TG not significant.
PMID:39456659,weight,adiposity,aggregate_trial,probiotic_vs_placebo_change,0,-2.82,2.820,kg change,0.047,,decrease,,yes,labeled_groups_split_on_vs,unlabeled_first_p_value,,BBr60 -4.67 +/- 4.40 vs placebo -2.82 +/- 4.17,Between-group difference in body-weight change significant.
PMID:39456659,BMI,adiposity,aggregate_trial,probiotic_vs_placebo_change,0,-0.93,0.930,kg/m2 change,0.135,,decrease,between_group_not_significant,no,labeled_groups_split_on_vs,unlabeled_first_p_value,,BBr60 -1.49 +/- 1.37 vs placebo -0.93 +/- 1.55,BMI declined in both groups; between-group change not significant.
PMID:39456659,glucose,metabolic,PP,probiotic_vs_placebo_endpoint,0,5.69,-5.690,mmol/L fasting blood glucose,0.0381,,decrease,,yes,labeled_groups_split_on_vs,unlabeled_first_p_value,,BBr60 5.26 +/- 0.57 vs placebo 5.69 +/- 0.86 at week 12,FBG endpoint was lower in BBr60 than placebo; table labels unit as mg/dL but values appear mmol/L.
PMID:39051504,BMI,adiposity,aggregate_trial,probiotic_vs_placebo_change,-0.23,-0.07,-0.160,kg/m2 change,0.1698,,decrease,between_group_not_significant; within_group_only_or_mixed,no,labeled_groups_split_on_vs,unlabeled_first_p_value,,probiotic -0.23 +/- 0.43 vs placebo -0.07 +/- 0.59,"BMI decreased within probiotic group, but between-group change was not significant."
PMID:39051504,body_fat,adiposity,aggregate_trial,probiotic_vs_placebo_change,-0.45,-0.16,-0.290,kg total fat mass change,0.0407,,decrease,,yes,labeled_groups_split_on_vs,unlabeled_first_p_value,,probiotic -0.45 +/- 0.83 vs placebo -0.16 +/- 0.83,Primary body fat endpoint; group difference of change adjusted by GLM.
PMID:39051504,lipid,metabolic,aggregate_trial,probiotic_vs_placebo_change,-15,+13,-28.000,mg/dL triglyceride change,0.0088,,decrease,,yes,labeled_groups_split_on_vs,unlabeled_first_p_value,,probiotic -15 +/- 62 vs placebo +13 +/- 60,Serum triglyceride change significantly differed between groups.
PMID:38999741,weight,adiposity,aggregate_trial,probiotic_vs_placebo_change,202,-0.33,202.330,kg change,0.352,,decrease,between_group_not_significant; within_group_only_or_mixed,no,labeled_groups_split_on_vs,unlabeled_first_p_value,,BN-202M -0.58 +/- 1.59 vs placebo -0.33 +/- 1.32,"Within BN-202M significant, but between-group change not significant."
PMID:38999741,BMI,adiposity,aggregate_trial,probiotic_vs_placebo_change,202,-0.11,202.110,kg/m2 change,0.263,,decrease,between_group_not_significant; within_group_only_or_mixed,no,labeled_groups_split_on_vs,unlabeled_first_p_value,,BN-202M -0.23 +/- 0.60 vs placebo -0.11 +/- 0.52,"Within BN-202M significant, but between-group change not significant."
PMID:38999741,body_fat,adiposity,aggregate_trial,probiotic_vs_placebo_change,202,+0.48,201.520,percentage-point body fat change,0.009,,decrease,,yes,labeled_groups_split_on_vs,unlabeled_first_p_value,,BN-202M -0.10 +/- 1.32 vs placebo +0.48 +/- 1.10,Primary endpoint body fat percentage; significant between-group change. Body fat mass also significant p=0.023.
PMID:38999741,microbiome,microbiome,aggregate_trial,probiotic_vs_placebo_microbiome,202,,,qualitative microbiome result,,,no significant between-group microbiome change,between_group_not_significant,no,single_group_or_unlabeled_value,unlabeled_first_p_value,control effect unavailable,no significant alpha diversity or taxonomic composition difference between BN-202M and placebo,"Metabolome responder analysis was reported, but main microbiome between-group composition was not significant."
PMID:38542727,weight,adiposity,PP,probiotic_vs_placebo_endpoint_ANCOVA,73.82,74.64,-0.820,kg endpoint and approximate change,0.056,,no significant confirmed weight decrease,,no,labeled_groups_split_on_vs,unlabeled_first_p_value,,"probiotics 73.82 vs placebo 74.64 at week 16; placebo +0.90, probiotics +0.27 from baseline",Weight gain was numerically suppressed but ANCOVA was not significant.
PMID:38542727,BMI,adiposity,PP,probiotic_vs_placebo_endpoint_ANCOVA,26.28,26.35,-0.070,kg/m2 endpoint and approximate change,0.046,,suppressed increase,,yes,labeled_groups_split_on_vs,unlabeled_first_p_value,,"probiotics 26.28 vs placebo 26.35 at week 16; placebo +0.33, probiotics +0.08 from baseline",Increase in BMI observed in placebo was significantly suppressed in probiotics group.
PMID:38542727,body_fat,adiposity,aggregate_trial,probiotic_vs_placebo_endpoint_ANCOVA,312.42,320.95,-8.530,cm2 abdominal fat area endpoint,0.049,,decrease,,yes,labeled_groups_split_on_vs,unlabeled_first_p_value,multiple comparisons retained as first comparison only; multiple unlabeled P values; first retained,total fat area probiotics 312.42 vs placebo 320.95; visceral fat area probiotics 111.50 vs placebo 115.69 at week 16,Abdominal total and visceral fat area significantly reduced vs placebo; body fat mass/percentage by BIA not significant between groups.
PMID:38542727,lipid,metabolic,aggregate_trial,probiotic_vs_placebo_endpoint_ANCOVA,108.98,127.57,-18.590,mg/dL triglyceride endpoint and approximate change,0.021,,decrease,,yes,labeled_groups_split_on_vs,unlabeled_first_p_value,,probiotics 108.98 vs placebo 127.57 at week 16; probiotics -21.89 from baseline,Serum triglyceride significantly decreased in probiotics group and differed vs placebo.
PMID:27810310,weight,adiposity,aggregate_trial,B420_or_LU+B420_vs_placebo_change_PP,20,20,0.000,qualitative PP result,0.15,,no significant confirmed weight decrease,,no,labeled_groups_split_on_vs,unlabeled_first_p_value,multiple unlabeled P values; first retained,B420 trend to lower body weight vs placebo; LU+B420 body fat loss counterbalanced by lean mass gain,Weight not primary positive; body fat and waist are the meaningful outcomes.
PMID:27810310,waist,adiposity,PP,LU+B420_vs_placebo_change_PP,20,20,0.000,waist circumference change,0.047,,decrease,,yes,labeled_groups_split_on_vs,unlabeled_first_p_value,multiple comparisons retained as first comparison only; multiple unlabeled P values; first retained,LU+B420 -2.7% (-2.6 cm) vs placebo; factorial B420 -2.4 cm vs placebo,Per-protocol population; no significant body fat mass difference in ITT population.
PMID:27810310,body_fat,adiposity,PP,LU+B420_vs_placebo_change_PP,20,20,0.000,relative body fat mass change; kg difference,0.02,,decrease,,yes,labeled_groups_split_on_vs,unlabeled_first_p_value,multiple comparisons retained as first comparison only; multiple unlabeled P values; first retained,LU+B420 -4.5% (-1.4 kg) vs placebo; B420 alone -3.0% vs placebo,"Primary outcome positive only in PP, not ITT; strong signal for B420 with fiber."
PMID:40066582,weight,adiposity,aggregate_trial,probiotic_vs_placebo_change,-2.75,-4.11,1.360,kg body weight change,0.266,0.002,no significant confirmed weight decrease,between_group_not_significant; within_group_only_or_mixed; diet_confounded,no,labeled_groups_split_on_vs,explicit_between_group,,probiotic -2.75 +/- 2.60 vs placebo -4.11 +/- 2.87,Both groups followed low-calorie medical nutrition therapy; between-group difference not significant.
PMID:40066582,BMI,adiposity,aggregate_trial,probiotic_vs_placebo_change,-1.06,-1.27,0.210,kg/m2 BMI change,0.630,0.004,no significant confirmed BMI decrease,within_group_only_or_mixed; diet_confounded,no,labeled_groups_split_on_vs,explicit_between_group,,probiotic -1.06 +/- 1.13 vs placebo -1.27 +/- 1.14,Both groups improved with diet; probiotic had no added BMI effect.
PMID:40066582,body_fat,adiposity,aggregate_trial,probiotic_vs_placebo_change,-1.98,-1.56,-0.420,percentage-point and kg fat mass change,0.347,,no significant confirmed body fat decrease,between_group_not_significant; within_group_only_or_mixed,no,labeled_groups_split_on_vs,explicit_between_group,multiple comparisons retained as first comparison only,fat mass % probiotic -1.98 +/- 1.63 vs placebo -1.56 +/- 2.20; fat mass kg probiotic -2.04 +/- 2.29 vs placebo -2.69 +/- 2.34,"Within-group decreases occurred, but between-group differences were not significant."
PMID:40066582,lipid,metabolic,aggregate_trial,probiotic_vs_placebo_change,-36.50,-25.91,-10.590,mg/dL change,0.932,,no beneficial lipid improvement,between_group_not_significant; diet_confounded,no,labeled_groups_split_on_vs,explicit_between_group,multiple comparisons retained as first comparison only,TC probiotic -36.50 +/- 19.27 vs placebo -25.91 +/- 19.25; LDL probiotic -31.75 +/- 18.11 vs placebo -31.91 +/- 31.00; TG probiotic -31.83 +/- 67.37 vs placebo -28.25 +/- 59.09,Lipid reductions were not significantly different from placebo; likely diet-driven.
