evidence_id,source_database,source_accession,title,outcome_domain,suggested_text,suggested_p_value,final_value,final_unit,final_direction,comparison,time_point,p_value_confirmed,sample_size_confirmed,extraction_source,reviewer,review_status,reviewer_note
PMID:37447365,PMID,37447365,,waist,,,,cm,,,,,,direct_variance_targeted_draft,,pending,included_missing_direct_variance; verify arm SD and per-arm n; required: effect estimate plus reported CI/SE or both-arm SD and n
PMID:37447365,PMID,37447365,,body_fat,The alteration (∆) in body fat mass (kg) (primary parameter) during intervention was significantly (p = 0.039) more pronounced in the Probiotic group (-0.61 ± 1.94;,p = 0.039,,kg,,,,,,direct_variance_targeted_draft,,pending,included_missing_direct_variance; verify arm SD and per-arm n; required: effect estimate plus reported CI/SE or both-arm SD and n
PMID:39051504,PMID,39051504,,body_fat,,,,kg,,,,,,direct_variance_targeted_draft,,pending,included_missing_direct_variance; verify arm SD and per-arm n; required: effect estimate plus reported CI/SE or both-arm SD and n
PMID:39051504,PMID,39051504,,lipid_TG,"p = 0.0200), and serum triglyceride concentration (placebo 13 ± 60 mg dL-1;",p = 0.0200,,mg/dL,,,,,,direct_variance_targeted_draft,,pending,included_missing_direct_variance; verify arm SD and per-arm n; required: effect estimate plus reported CI/SE or both-arm SD and n
PMID:40066582,PMID,40066582,,body_fat,,,,kg,,,,,,direct_variance_targeted_draft,,pending,included_missing_direct_variance; verify arm SD and per-arm n; required: effect estimate plus reported CI/SE or both-arm SD and n
PMID:40066582,PMID,40066582,,lipid_TG,"Results: after the 8-week dietary intervention, both probiotic and placebo groups showed significant decreased in total cholesterol (-36.50 ± 19.27 vs -25.91 ± 19.25, mg/dl), LDL-C (-(31.75 ± 18.11 vs -31.91 ± 31.00 mg/dl) and TG (-31.83 ± 67.37 vs -28.25 ± 59.09), respectively (p < 0.05).",p < 0.05,,mg/dL,,,,,,direct_variance_targeted_draft,,pending,included_missing_direct_variance; verify arm SD and per-arm n; required: effect estimate plus reported CI/SE or both-arm SD and n
DOI:10.3803/EnM.2020.35.2.425,DOI,10.3803/EnM.2020.35.2.425,Effect of Lactobacillus sakei CJLS03 on body fat in Koreans with obesity (EnM 2020),waist,,,,cm,,,,,,direct_variance_targeted_draft,,pending,included_missing_direct_variance; retrieve full text or supplement for CI/SE/SD and per-arm n; required: effect estimate plus reported CI/SE or both-arm SD and n
PMID:40409234,PMID,40409234,,waist,,,,cm,,,,,,direct_variance_targeted_draft,,pending,included_missing_direct_variance; retrieve full text or supplement for CI/SE/SD and per-arm n; required: effect estimate plus reported CI/SE or both-arm SD and n
PMID:41512635,PMID,41512635,,waist,,,,cm,,,,,,direct_variance_targeted_draft,,pending,included_missing_direct_variance; retrieve full text or supplement for CI/SE/SD and per-arm n; required: effect estimate plus reported CI/SE or both-arm SD and n
PMID:37447365,PMID,37447365,,BMI,,,,kg/m2,,,,,,direct_variance_targeted_draft,,pending,included_missing_direct_variance; verify arm SD and per-arm n; required: effect estimate plus reported CI/SE or both-arm SD and n
PMID:39051504,PMID,39051504,,BMI,"In addition, BMI (26.6 ± 1.9 kg m-2 to 26.4 ± 2.0 kg m-2, p = 0.0009) and leg fat (42 ± 5% to 41 ± 5%, p = 0.0006) significantly decreased in the probiotics group after 12 weeks, but there was no difference in the placebo group.",p = 0.0009,,kg/m2,,,,,,direct_variance_targeted_draft,,pending,included_missing_direct_variance; verify arm SD and per-arm n; required: effect estimate plus reported CI/SE or both-arm SD and n
PMID:40066582,PMID,40066582,,BMI,,,,kg/m2,,,,,,direct_variance_targeted_draft,,pending,included_missing_direct_variance; verify arm SD and per-arm n; required: effect estimate plus reported CI/SE or both-arm SD and n
DOI:10.3803/EnM.2020.35.2.425,DOI,10.3803/EnM.2020.35.2.425,Effect of Lactobacillus sakei CJLS03 on body fat in Koreans with obesity (EnM 2020),body_fat,,,,kg,,,,,,direct_variance_targeted_draft,,pending,included_missing_direct_variance; retrieve full text or supplement for CI/SE/SD and per-arm n; required: effect estimate plus reported CI/SE or both-arm SD and n
PMID:38542727,PMID,38542727,,lipid_TG,,,,mg/dL,,,,,,direct_variance_targeted_draft,,pending,included_missing_direct_variance; retrieve full text or supplement for CI/SE/SD and per-arm n; required: effect estimate plus reported CI/SE or both-arm SD and n
PMID:40385498,PMID,40385498,,lipid_TG,,,,mg/dL,,,,,,direct_variance_targeted_draft,,pending,included_missing_direct_variance; retrieve full text or supplement for CI/SE/SD and per-arm n; required: effect estimate plus reported CI/SE or both-arm SD and n
PMID:40409234,PMID,40409234,,body_fat,,,,kg,,,,,,direct_variance_targeted_draft,,pending,included_missing_direct_variance; retrieve full text or supplement for CI/SE/SD and per-arm n; required: effect estimate plus reported CI/SE or both-arm SD and n
PMID:40409234,PMID,40409234,,lipid_TG,,,,mg/dL,,,,,,direct_variance_targeted_draft,,pending,included_missing_direct_variance; retrieve full text or supplement for CI/SE/SD and per-arm n; required: effect estimate plus reported CI/SE or both-arm SD and n
PMID:37111082,PMID,37111082,,BMI,,,,kg/m2,,,,,,direct_variance_targeted_draft,,pending,included_missing_direct_variance; retrieve full text or supplement for CI/SE/SD and per-arm n; required: effect estimate plus reported CI/SE or both-arm SD and n
PMID:38542727,PMID,38542727,,BMI,,,,kg/m2,,,,,,direct_variance_targeted_draft,,pending,included_missing_direct_variance; retrieve full text or supplement for CI/SE/SD and per-arm n; required: effect estimate plus reported CI/SE or both-arm SD and n
PMID:39456659,PMID,39456659,,BMI,,,,kg/m2,,,,,,direct_variance_targeted_draft,,pending,included_missing_direct_variance; retrieve full text or supplement for CI/SE/SD and per-arm n; required: effect estimate plus reported CI/SE or both-arm SD and n
PMID:40385498,PMID,40385498,,BMI,,,,kg/m2,,,,,,direct_variance_targeted_draft,,pending,included_missing_direct_variance; retrieve full text or supplement for CI/SE/SD and per-arm n; required: effect estimate plus reported CI/SE or both-arm SD and n
PMID:40409234,PMID,40409234,,BMI,,,,kg/m2,,,,,,direct_variance_targeted_draft,,pending,included_missing_direct_variance; retrieve full text or supplement for CI/SE/SD and per-arm n; required: effect estimate plus reported CI/SE or both-arm SD and n
PMID:41512635,PMID,41512635,,BMI,,,,kg/m2,,,,,,direct_variance_targeted_draft,,pending,included_missing_direct_variance; retrieve full text or supplement for CI/SE/SD and per-arm n; required: effect estimate plus reported CI/SE or both-arm SD and n
EUROPEPMC:40676704,EUROPEPMC,40676704,"Multi-omics analyses the effect of Bifidobacterium longum subsp. longum BL21 supplementation on overweight and obese subjects: a randomized, double-blind, placebo-controlled study.",weight,"Following the intervention, both the BL21 group (1.22 ± 2.78, P = 0.02) and placebo group (0.98 ± 2.06, P = 0.01) demonstrated significant body weight reductions, with no statistically significant intergroup difference observed (P = 0.81).",P = 0.02,,kg,,,,,,direct_variance_targeted_draft,,pending,included_missing_direct_variance; verify arm SD and per-arm n; required: effect estimate plus reported CI/SE or both-arm SD and n
PMID:37447365,PMID,37447365,,weight,,,,kg,,,,,,direct_variance_targeted_draft,,pending,included_missing_direct_variance; verify arm SD and per-arm n; required: effect estimate plus reported CI/SE or both-arm SD and n
PMID:40066582,PMID,40066582,,weight,,,,kg,,,,,,direct_variance_targeted_draft,,pending,included_missing_direct_variance; verify arm SD and per-arm n; required: effect estimate plus reported CI/SE or both-arm SD and n
PMID:37111082,PMID,37111082,,weight,,,,kg,,,,,,direct_variance_targeted_draft,,pending,included_missing_direct_variance; retrieve full text or supplement for CI/SE/SD and per-arm n; required: effect estimate plus reported CI/SE or both-arm SD and n
PMID:38542727,PMID,38542727,,weight,,,,kg,,,,,,direct_variance_targeted_draft,,pending,included_missing_direct_variance; retrieve full text or supplement for CI/SE/SD and per-arm n; required: effect estimate plus reported CI/SE or both-arm SD and n
PMID:39456659,PMID,39456659,,weight,,,,kg,,,,,,direct_variance_targeted_draft,,pending,included_missing_direct_variance; retrieve full text or supplement for CI/SE/SD and per-arm n; required: effect estimate plus reported CI/SE or both-arm SD and n
PMID:40385498,PMID,40385498,,weight,,,,kg,,,,,,direct_variance_targeted_draft,,pending,included_missing_direct_variance; retrieve full text or supplement for CI/SE/SD and per-arm n; required: effect estimate plus reported CI/SE or both-arm SD and n
PMID:40409234,PMID,40409234,,weight,,,,kg,,,,,,direct_variance_targeted_draft,,pending,included_missing_direct_variance; retrieve full text or supplement for CI/SE/SD and per-arm n; required: effect estimate plus reported CI/SE or both-arm SD and n
PMID:40416368,PMID,40416368,,weight,,,,kg,,,,,,direct_variance_targeted_draft,,pending,included_missing_direct_variance; retrieve full text or supplement for CI/SE/SD and per-arm n; required: effect estimate plus reported CI/SE or both-arm SD and n
PMID:41512635,PMID,41512635,,weight,,,,kg,,,,,,direct_variance_targeted_draft,,pending,included_missing_direct_variance; retrieve full text or supplement for CI/SE/SD and per-arm n; required: effect estimate plus reported CI/SE or both-arm SD and n
PMID:33143755,PMID,33143755,Weight gain and body composition during pregnancy: a randomised pilot trial with probiotics and/or fish oil.,body_fat,"9·3 (sd 0·4) kg, adjusted mean difference -1·66 (95 % CI -2·52, -0·80) and fat mass (0·4 (sd 0·4) v.",,,kg,,,,,,direct_variance_targeted_draft,,pending,new_direct_variance_candidate; screen full text and extract effect plus direct variance; required: effect estimate plus reported CI/SE or both-arm SD and n
PMID:23614897,PMID,23614897,Effect of Lactobacillus gasseri SBT2055 in fermented milk on abdominal adiposity in adults in a randomised controlled trial.,waist,,,,cm,,,,,,direct_variance_targeted_draft,,pending,new_direct_variance_candidate; screen full text and extract effect plus direct variance; required: effect estimate plus reported CI/SE or both-arm SD and n
PMID:32759229,PMID,32759229,Effects of synbiotic supplementation on the components of metabolic syndrome in military personnel: a double-blind randomised controlled trial.,waist,,,,cm,,,,,,direct_variance_targeted_draft,,pending,new_direct_variance_candidate; screen full text and extract effect plus direct variance; required: effect estimate plus reported CI/SE or both-arm SD and n
EUROPEPMC:39385189,EUROPEPMC,39385189,"Effects of synbiotic supplementation on the components of metabolic syndrome in patients with schizophrenia: a randomized, double-blind, placebo-controlled trial.",waist,The synbiotic supplement significantly decreased waist circumference and HbA1C compared to placebo (-2.66 ± 4.20 vs.,,,cm,,,,,,direct_variance_targeted_draft,,pending,new_direct_variance_candidate; screen full text and extract effect plus direct variance; required: effect estimate plus reported CI/SE or both-arm SD and n
EUROPEPMC:39792908,EUROPEPMC,39792908,"The efficacy of Lacticaseibacillus paracasei MSMC39-1 and Bifidobacterium animalis TA-1 probiotics in modulating gut microbiota and reducing the risk of the characteristics of metabolic syndrome: A randomized, double-blinded, placebo-controlled study.",waist,,,,cm,,,,,,direct_variance_targeted_draft,,pending,new_direct_variance_candidate; screen full text and extract effect plus direct variance; required: effect estimate plus reported CI/SE or both-arm SD and n
EUROPEPMC:42065141,EUROPEPMC,42065141,Effects of,waist,"The KABP051 group experienced significantly greater improvements compared with placebo on body composition measurements, including a reduction in body weight and waist circumference, which decreased in 1.97 ± 0.77 (mean ± SE) kg and 2.15 ± 0.81 (mean ± SE) cm versus placebo at the end of the intervention (both P < .05, mixed model for repeated measures [MMRM] and post-hoc analysis).",P < .05,,cm,,,,,,direct_variance_targeted_draft,,pending,new_direct_variance_candidate; screen full text and extract effect plus direct variance; required: effect estimate plus reported CI/SE or both-arm SD and n
EUROPEPMC:42074987,EUROPEPMC,42074987,"A Randomized, Double-Blind, Placebo-Controlled Study to Evaluate the Effect of",waist,,,,cm,,,,,,direct_variance_targeted_draft,,pending,new_direct_variance_candidate; screen full text and extract effect plus direct variance; required: effect estimate plus reported CI/SE or both-arm SD and n
PMID:36484872,PMID,36484872,"Effects of synbiotic supplementation on anthropometric indices and body composition in overweight or obese children and adolescents: a randomized, double-blind, placebo-controlled clinical trial.",waist,The waist-height ratio (WHtR) decreased significantly at the end of the intervention in comparison with baseline in the synbiotic group (0.54 ± 0.05 vs.,,,cm,,,,,,direct_variance_targeted_draft,,pending,new_direct_variance_candidate; screen full text and extract effect plus direct variance; required: effect estimate plus reported CI/SE or both-arm SD and n
PMID:36674104,PMID,36674104,Effects of a Diet Containing Sources of Prebiotics and Probiotics and Modification of the Gut Microbiota on the Reduction of Body Fat.,waist,,,,cm,,,,,,direct_variance_targeted_draft,,pending,new_direct_variance_candidate; screen full text and extract effect plus direct variance; required: effect estimate plus reported CI/SE or both-arm SD and n
PMID:37875559,PMID,37875559,"Evaluating probiotic efficacy on weight loss in adults with overweight through a double-blind, placebo-controlled randomized trial.",waist,,,,cm,,,,,,direct_variance_targeted_draft,,pending,new_direct_variance_candidate; screen full text and extract effect plus direct variance; required: effect estimate plus reported CI/SE or both-arm SD and n
PMID:39639405,PMID,39639405,Gut microbiota and metabolic responses to a 12-week caloric restriction combined with strength and HIIT training in patients with obesity: a randomized trial.,waist,,,,cm,,,,,,direct_variance_targeted_draft,,pending,new_direct_variance_candidate; screen full text and extract effect plus direct variance; required: effect estimate plus reported CI/SE or both-arm SD and n
EUROPEPMC:41098558,EUROPEPMC,41098558,Postpartum Body Composition in Women With Overweight: Associations With Diet During Pregnancy.,body_fat,,,,kg,,,,,,direct_variance_targeted_draft,,pending,new_direct_variance_candidate; screen full text and extract effect plus direct variance; required: effect estimate plus reported CI/SE or both-arm SD and n
PMID:23614897,PMID,23614897,Effect of Lactobacillus gasseri SBT2055 in fermented milk on abdominal adiposity in adults in a randomised controlled trial.,body_fat,"Abdominal visceral fat areas, which were determined by computed tomography, at week 12, changed from baseline by an average of -8·5 % (95 % CI -11·9, -5·1;",,,kg,,,,,,direct_variance_targeted_draft,,pending,new_direct_variance_candidate; screen full text and extract effect plus direct variance; required: effect estimate plus reported CI/SE or both-arm SD and n
PMID:32759229,PMID,32759229,Effects of synbiotic supplementation on the components of metabolic syndrome in military personnel: a double-blind randomised controlled trial.,lipid_TG,It also had a medium significant adjusted effect on the FBG (Cohen's d=0.52 (95% CI 0.004 to 1.03)) as well as triglyceride (Cohen's d=0.65 (95% CI 0.13 to 1.17)).;,,,mg/dL,,,,,,direct_variance_targeted_draft,,pending,new_direct_variance_candidate; screen full text and extract effect plus direct variance; required: effect estimate plus reported CI/SE or both-arm SD and n
PMID:33718754,PMID,33718754,Ingesting Yogurt Containing,body_fat,,,,kg,,,,,,direct_variance_targeted_draft,,pending,new_direct_variance_candidate; screen full text and extract effect plus direct variance; required: effect estimate plus reported CI/SE or both-arm SD and n
EUROPEPMC:35126309,EUROPEPMC,35126309,Efficacy and Safety of,body_fat,,,,kg,,,,,,direct_variance_targeted_draft,,pending,new_direct_variance_candidate; screen full text and extract effect plus direct variance; required: effect estimate plus reported CI/SE or both-arm SD and n
EUROPEPMC:35126309,EUROPEPMC,35126309,Efficacy and Safety of,lipid_TG,"Similarly, triglyceride levels decreased from 135.4 ± 115.8 mg/dL to 114.5 ± 65.9 mg/dL in the LPK group, with a significant difference between groups.",,,mg/dL,,,,,,direct_variance_targeted_draft,,pending,new_direct_variance_candidate; screen full text and extract effect plus direct variance; required: effect estimate plus reported CI/SE or both-arm SD and n
EUROPEPMC:39385189,EUROPEPMC,39385189,"Effects of synbiotic supplementation on the components of metabolic syndrome in patients with schizophrenia: a randomized, double-blind, placebo-controlled trial.",lipid_TG,,,,mg/dL,,,,,,direct_variance_targeted_draft,,pending,new_direct_variance_candidate; screen full text and extract effect plus direct variance; required: effect estimate plus reported CI/SE or both-arm SD and n
EUROPEPMC:40218949,EUROPEPMC,40218949,"A 12-Week, Randomized, Double-Blind, Placebo-Controlled Study to Evaluate the Efficacy and Safety of",body_fat,"After 12 weeks of follow-up period, the body fat mass decreased significantly, from 30.0 ± 4.4 to 28.3 ± 4.1 kg in the experimental group (p = 0.009).",p = 0.009,,kg,,,,,,direct_variance_targeted_draft,,pending,new_direct_variance_candidate; screen full text and extract effect plus direct variance; required: effect estimate plus reported CI/SE or both-arm SD and n
EUROPEPMC:42065141,EUROPEPMC,42065141,Effects of,body_fat,,,,kg,,,,,,direct_variance_targeted_draft,,pending,new_direct_variance_candidate; screen full text and extract effect plus direct variance; required: effect estimate plus reported CI/SE or both-arm SD and n
EUROPEPMC:42074987,EUROPEPMC,42074987,"A Randomized, Double-Blind, Placebo-Controlled Study to Evaluate the Effect of",body_fat,"After a 12-week intervention, body fat mass (primary parameter) was significantly (p = 0.016) reduced in the Postbiotic group (98.15 ± 3.32% of baseline) compared to the Placebo group (100.41 ± 3.39%).",p = 0.016,,kg,,,,,,direct_variance_targeted_draft,,pending,new_direct_variance_candidate; screen full text and extract effect plus direct variance; required: effect estimate plus reported CI/SE or both-arm SD and n
EUROPEPMC:42116047,EUROPEPMC,42116047,"Probiotic Bifidobacterium bifidum BGN4 supplementation modulates gut microbiome composition and reduces circulating zonulin, TNFα, and insulin in adults with excess adiposity: a randomized, double-blind, placebo-controlled trial.",body_fat,,,,kg,,,,,,direct_variance_targeted_draft,,pending,new_direct_variance_candidate; screen full text and extract effect plus direct variance; required: effect estimate plus reported CI/SE or both-arm SD and n
PMID:21505361,PMID,21505361,Effects of Lactobacillus rhamnosus strain GG in pediatric obesity-related liver disease.,body_fat,,,,kg,,,,,,direct_variance_targeted_draft,,pending,new_direct_variance_candidate; screen full text and extract effect plus direct variance; required: effect estimate plus reported CI/SE or both-arm SD and n
PMID:22695039,PMID,22695039,Probiotics to adolescents with obesity: effects on inflammation and metabolic syndrome.,lipid_TG,,,,mg/dL,,,,,,direct_variance_targeted_draft,,pending,new_direct_variance_candidate; screen full text and extract effect plus direct variance; required: effect estimate plus reported CI/SE or both-arm SD and n
PMID:35487505,PMID,35487505,"Effect of Lactobacillus plantarum LMT1-48 on Body Fat in Overweight Subjects: A Randomized, Double-Blind, Placebo-Controlled Trial.",body_fat,,,,kg,,,,,,direct_variance_targeted_draft,,pending,new_direct_variance_candidate; screen full text and extract effect plus direct variance; required: effect estimate plus reported CI/SE or both-arm SD and n
PMID:35487505,PMID,35487505,"Effect of Lactobacillus plantarum LMT1-48 on Body Fat in Overweight Subjects: A Randomized, Double-Blind, Placebo-Controlled Trial.",lipid_TG,,,,mg/dL,,,,,,direct_variance_targeted_draft,,pending,new_direct_variance_candidate; screen full text and extract effect plus direct variance; required: effect estimate plus reported CI/SE or both-arm SD and n
PMID:36674104,PMID,36674104,Effects of a Diet Containing Sources of Prebiotics and Probiotics and Modification of the Gut Microbiota on the Reduction of Body Fat.,body_fat,,,,kg,,,,,,direct_variance_targeted_draft,,pending,new_direct_variance_candidate; screen full text and extract effect plus direct variance; required: effect estimate plus reported CI/SE or both-arm SD and n
PMID:37916149,PMID,37916149,A specific gut microbiota signature is associated with an enhanced GLP-1 and GLP-2 secretion and improved metabolic control in patients with type 2 diabetes after metabolic Roux-en-Y gastric bypass.,body_fat,,,,kg,,,,,,direct_variance_targeted_draft,,pending,new_direct_variance_candidate; screen full text and extract effect plus direct variance; required: effect estimate plus reported CI/SE or both-arm SD and n
PMID:37916149,PMID,37916149,A specific gut microbiota signature is associated with an enhanced GLP-1 and GLP-2 secretion and improved metabolic control in patients with type 2 diabetes after metabolic Roux-en-Y gastric bypass.,lipid_TG,,,,mg/dL,,,,,,direct_variance_targeted_draft,,pending,new_direct_variance_candidate; screen full text and extract effect plus direct variance; required: effect estimate plus reported CI/SE or both-arm SD and n
PMID:40902730,PMID,40902730,Can Probiotics Influence Adaptive Thermogenesis Induced by Continuous Energy Restriction after a 12-Week Intervention in Adult Males Living with Obesity? A Secondary Analysis of a Randomized Clinical Trial (São Paulo Clinical Study of Obesity and Intestinal Microbiota).,body_fat,,,,kg,,,,,,direct_variance_targeted_draft,,pending,new_direct_variance_candidate; screen full text and extract effect plus direct variance; required: effect estimate plus reported CI/SE or both-arm SD and n
PMID:42151830,PMID,42151830,Short-term synbiotic supplementation and intrahepatic triglyceride content assessed by proton MR spectroscopy: a pilot study.,lipid_TG,,,,mg/dL,,,,,,direct_variance_targeted_draft,,pending,new_direct_variance_candidate; screen full text and extract effect plus direct variance; required: effect estimate plus reported CI/SE or both-arm SD and n
PMID:23614897,PMID,23614897,Effect of Lactobacillus gasseri SBT2055 in fermented milk on abdominal adiposity in adults in a randomised controlled trial.,BMI,,,,kg/m2,,,,,,direct_variance_targeted_draft,,pending,new_direct_variance_candidate; screen full text and extract effect plus direct variance; required: effect estimate plus reported CI/SE or both-arm SD and n
PMID:32759229,PMID,32759229,Effects of synbiotic supplementation on the components of metabolic syndrome in military personnel: a double-blind randomised controlled trial.,BMI,The results of the study showed that the synbiotic supplementation had a large significant adjusted effect on the BMI (Cohen's d=0.82 (95% CI 0.29 to 1.34)).,,,kg/m2,,,,,,direct_variance_targeted_draft,,pending,new_direct_variance_candidate; screen full text and extract effect plus direct variance; required: effect estimate plus reported CI/SE or both-arm SD and n
PMID:33718754,PMID,33718754,Ingesting Yogurt Containing,BMI,,,,kg/m2,,,,,,direct_variance_targeted_draft,,pending,new_direct_variance_candidate; screen full text and extract effect plus direct variance; required: effect estimate plus reported CI/SE or both-arm SD and n
PMID:37181156,PMID,37181156,Supplementation with inulin-type fructans affects gut microbiota and attenuates some of the cardiometabolic benefits of a plant-based diet in individuals with overweight or obesity.,BMI,,,,kg/m2,,,,,,direct_variance_targeted_draft,,pending,new_direct_variance_candidate; screen full text and extract effect plus direct variance; required: effect estimate plus reported CI/SE or both-arm SD and n
EUROPEPMC:35126309,EUROPEPMC,35126309,Efficacy and Safety of,BMI,,,,kg/m2,,,,,,direct_variance_targeted_draft,,pending,new_direct_variance_candidate; screen full text and extract effect plus direct variance; required: effect estimate plus reported CI/SE or both-arm SD and n
EUROPEPMC:39385189,EUROPEPMC,39385189,"Effects of synbiotic supplementation on the components of metabolic syndrome in patients with schizophrenia: a randomized, double-blind, placebo-controlled trial.",BMI,"Although BMI did not change significantly in the synbiotic + antipsychotic group, it increased in the placebo + antipsychotic group (-0.37 ± 1.00 vs.",,,kg/m2,,,,,,direct_variance_targeted_draft,,pending,new_direct_variance_candidate; screen full text and extract effect plus direct variance; required: effect estimate plus reported CI/SE or both-arm SD and n
EUROPEPMC:39792908,EUROPEPMC,39792908,"The efficacy of Lacticaseibacillus paracasei MSMC39-1 and Bifidobacterium animalis TA-1 probiotics in modulating gut microbiota and reducing the risk of the characteristics of metabolic syndrome: A randomized, double-blinded, placebo-controlled study.",BMI,,,,kg/m2,,,,,,direct_variance_targeted_draft,,pending,new_direct_variance_candidate; screen full text and extract effect plus direct variance; required: effect estimate plus reported CI/SE or both-arm SD and n
EUROPEPMC:40218949,EUROPEPMC,40218949,"A 12-Week, Randomized, Double-Blind, Placebo-Controlled Study to Evaluate the Efficacy and Safety of",BMI,,,,kg/m2,,,,,,direct_variance_targeted_draft,,pending,new_direct_variance_candidate; screen full text and extract effect plus direct variance; required: effect estimate plus reported CI/SE or both-arm SD and n
EUROPEPMC:41725786,EUROPEPMC,41725786,A Probiotic Nutritional Supplement Improves Glycemic Control and Biomarkers of Metabolic Syndrome in Patients With Type 2 Diabetes Mellitus.,BMI,"A total of 40 Patients with type 2 diabetes (31 male, 9 female, age:65.5 ± 8.0 years, BMI: 33.6 ± 5.5 kg/m², HbA1c: 7.2 ± 0.9%) were included into the study.",,,kg/m2,,,,,,direct_variance_targeted_draft,,pending,new_direct_variance_candidate; screen full text and extract effect plus direct variance; required: effect estimate plus reported CI/SE or both-arm SD and n
EUROPEPMC:42116047,EUROPEPMC,42116047,"Probiotic Bifidobacterium bifidum BGN4 supplementation modulates gut microbiome composition and reduces circulating zonulin, TNFα, and insulin in adults with excess adiposity: a randomized, double-blind, placebo-controlled trial.",BMI,,,,kg/m2,,,,,,direct_variance_targeted_draft,,pending,new_direct_variance_candidate; screen full text and extract effect plus direct variance; required: effect estimate plus reported CI/SE or both-arm SD and n
PMID:21505361,PMID,21505361,Effects of Lactobacillus rhamnosus strain GG in pediatric obesity-related liver disease.,BMI,,,,kg/m2,,,,,,direct_variance_targeted_draft,,pending,new_direct_variance_candidate; screen full text and extract effect plus direct variance; required: effect estimate plus reported CI/SE or both-arm SD and n
PMID:22695039,PMID,22695039,Probiotics to adolescents with obesity: effects on inflammation and metabolic syndrome.,BMI,The average body mass index-for-age z-score was 2.6 ± 0.5.,,,kg/m2,,,,,,direct_variance_targeted_draft,,pending,new_direct_variance_candidate; screen full text and extract effect plus direct variance; required: effect estimate plus reported CI/SE or both-arm SD and n
PMID:24120179,PMID,24120179,Hypocaloric diet supplemented with probiotic cheese improves body mass index and blood pressure indices of obese hypertensive patients--a randomized double-blind placebo-controlled pilot study.,BMI,,,,kg/m2,,,,,,direct_variance_targeted_draft,,pending,new_direct_variance_candidate; screen full text and extract effect plus direct variance; required: effect estimate plus reported CI/SE or both-arm SD and n
PMID:33763720,PMID,33763720,"Mediterranean diet consumption affects the endocannabinoid system in overweight and obese subjects: possible links with gut microbiome, insulin resistance and inflammation.",BMI,"A parallel 8-week randomised controlled trial was performed involving 82 overweight and obese subjects aged (mean ± SEM) 43 ± 1.4 years with a BMI of 31.1 ± 0.5 kg/m2, habitual Western diet (CT) and sedentary lifestyle.",,,kg/m2,,,,,,direct_variance_targeted_draft,,pending,new_direct_variance_candidate; screen full text and extract effect plus direct variance; required: effect estimate plus reported CI/SE or both-arm SD and n
PMID:34115318,PMID,34115318,"The Effects of Limosilactobacillus reuteri LR-99 Supplementation on Body Mass Index, Social Communication, Fine Motor Function, and Gut Microbiome Composition in Individuals with Prader-Willi Syndrome: a Randomized Double-Blinded Placebo-Controlled Trial.",BMI,,,,kg/m2,,,,,,direct_variance_targeted_draft,,pending,new_direct_variance_candidate; screen full text and extract effect plus direct variance; required: effect estimate plus reported CI/SE or both-arm SD and n
PMID:35487505,PMID,35487505,"Effect of Lactobacillus plantarum LMT1-48 on Body Fat in Overweight Subjects: A Randomized, Double-Blind, Placebo-Controlled Trial.",BMI,,,,kg/m2,,,,,,direct_variance_targeted_draft,,pending,new_direct_variance_candidate; screen full text and extract effect plus direct variance; required: effect estimate plus reported CI/SE or both-arm SD and n
PMID:36352899,PMID,36352899,Effect of garlic extract on weight loss and gut microbiota composition in obese women: A double-blind randomized controlled trial.,BMI,,,,kg/m2,,,,,,direct_variance_targeted_draft,,pending,new_direct_variance_candidate; screen full text and extract effect plus direct variance; required: effect estimate plus reported CI/SE or both-arm SD and n
PMID:36484872,PMID,36484872,"Effects of synbiotic supplementation on anthropometric indices and body composition in overweight or obese children and adolescents: a randomized, double-blind, placebo-controlled clinical trial.",BMI,,,,kg/m2,,,,,,direct_variance_targeted_draft,,pending,new_direct_variance_candidate; screen full text and extract effect plus direct variance; required: effect estimate plus reported CI/SE or both-arm SD and n
PMID:36674104,PMID,36674104,Effects of a Diet Containing Sources of Prebiotics and Probiotics and Modification of the Gut Microbiota on the Reduction of Body Fat.,BMI,"Based on the assessment of BMI (Body Mass Index), a group of 56 women aged 25-45 years (31 women group A average BMI 34.9 ± 4.86 kg/m2 and 25 women group B average BMI 33.4 ± 4.02 kg/m2) were qualified for the study.",,,kg/m2,,,,,,direct_variance_targeted_draft,,pending,new_direct_variance_candidate; screen full text and extract effect plus direct variance; required: effect estimate plus reported CI/SE or both-arm SD and n
PMID:37875559,PMID,37875559,"Evaluating probiotic efficacy on weight loss in adults with overweight through a double-blind, placebo-controlled randomized trial.",BMI,,,,kg/m2,,,,,,direct_variance_targeted_draft,,pending,new_direct_variance_candidate; screen full text and extract effect plus direct variance; required: effect estimate plus reported CI/SE or both-arm SD and n
PMID:37916149,PMID,37916149,A specific gut microbiota signature is associated with an enhanced GLP-1 and GLP-2 secretion and improved metabolic control in patients with type 2 diabetes after metabolic Roux-en-Y gastric bypass.,BMI,"Thirteen patients aged 52.6 ± 6.5 years, BMI 39.3 ± 1.4 kg/m2, HbA1c 7.62 ± 1.5% were evaluated.",,,kg/m2,,,,,,direct_variance_targeted_draft,,pending,new_direct_variance_candidate; screen full text and extract effect plus direct variance; required: effect estimate plus reported CI/SE or both-arm SD and n
PMID:37971504,PMID,37971504,Habitual carbohydrate intake is not correlated with circulating β-hydroxybutyrate levels in pregnant women with overweight and obesity at 28 weeks' gestation.,BMI,Fasting serum β-hydroxybutyrate levels amongst 108 women (mean BMI 34.7 ± 6.3 kg/m2) ranged from 22.2 to 296.5 μmol/l.,,,kg/m2,,,,,,direct_variance_targeted_draft,,pending,new_direct_variance_candidate; screen full text and extract effect plus direct variance; required: effect estimate plus reported CI/SE or both-arm SD and n
PMID:39639405,PMID,39639405,Gut microbiota and metabolic responses to a 12-week caloric restriction combined with strength and HIIT training in patients with obesity: a randomized trial.,BMI,"Twelve participants completed a 12-week program of caloric restriction combined with strength and HIIT training (INT, pre-BMI 37.33 ± 6.57 kg/m2), and eleven participants were designated as non-intervention controls (pre-BMI 38.65 ± 8.07 kg/m2).",,,kg/m2,,,,,,direct_variance_targeted_draft,,pending,new_direct_variance_candidate; screen full text and extract effect plus direct variance; required: effect estimate plus reported CI/SE or both-arm SD and n
PMID:39940263,PMID,39940263,Changes in Hormonal Profile and Body Mass Index in Women with Polycystic Ovary Syndrome After Probiotic Intake: A 12-Week Placebo-Controlled and Randomized Clinical Study.,BMI,,,,kg/m2,,,,,,direct_variance_targeted_draft,,pending,new_direct_variance_candidate; screen full text and extract effect plus direct variance; required: effect estimate plus reported CI/SE or both-arm SD and n
PMID:40902730,PMID,40902730,Can Probiotics Influence Adaptive Thermogenesis Induced by Continuous Energy Restriction after a 12-Week Intervention in Adult Males Living with Obesity? A Secondary Analysis of a Randomized Clinical Trial (São Paulo Clinical Study of Obesity and Intestinal Microbiota).,BMI,,,,kg/m2,,,,,,direct_variance_targeted_draft,,pending,new_direct_variance_candidate; screen full text and extract effect plus direct variance; required: effect estimate plus reported CI/SE or both-arm SD and n
PMID:42151830,PMID,42151830,Short-term synbiotic supplementation and intrahepatic triglyceride content assessed by proton MR spectroscopy: a pilot study.,BMI,,,,kg/m2,,,,,,direct_variance_targeted_draft,,pending,new_direct_variance_candidate; screen full text and extract effect plus direct variance; required: effect estimate plus reported CI/SE or both-arm SD and n
PMID:37181156,PMID,37181156,Supplementation with inulin-type fructans affects gut microbiota and attenuates some of the cardiometabolic benefits of a plant-based diet in individuals with overweight or obesity.,weight,,,,kg,,,,,,direct_variance_targeted_draft,,pending,new_direct_variance_candidate; screen full text and extract effect plus direct variance; required: effect estimate plus reported CI/SE or both-arm SD and n
EUROPEPMC:35126309,EUROPEPMC,35126309,Efficacy and Safety of,weight,,,,kg,,,,,,direct_variance_targeted_draft,,pending,new_direct_variance_candidate; screen full text and extract effect plus direct variance; required: effect estimate plus reported CI/SE or both-arm SD and n
EUROPEPMC:39792908,EUROPEPMC,39792908,"The efficacy of Lacticaseibacillus paracasei MSMC39-1 and Bifidobacterium animalis TA-1 probiotics in modulating gut microbiota and reducing the risk of the characteristics of metabolic syndrome: A randomized, double-blinded, placebo-controlled study.",weight,,,,kg,,,,,,direct_variance_targeted_draft,,pending,new_direct_variance_candidate; screen full text and extract effect plus direct variance; required: effect estimate plus reported CI/SE or both-arm SD and n
EUROPEPMC:41366779,EUROPEPMC,41366779,"The effects of next generation probiotics on metabolic dysfunction-associated steatotic liver disease: a parallel, double-blind, randomized, placebo-controlled trial.",weight,"In the probiotic group, LL001 treatment improved alanine transaminase (87.3 ± 8.2 to 71.1 ± 6.0 U/L, P = 0.01) and aspartate transaminase levels (64.9 ± 4.9 to 50.0 ± 3.5 U/L, P < 0.01), LH001 group showed body weight reduction (78.4 ± 3.0 to 77.2 ± 2.8 kg, P = 0.01), and PPKID7 reduced cholesterol levels (186.1 ± 7.0 to 178.0 ± 7.9 mmol/L, P = 0.03).",P = 0.01,,kg,,,,,,direct_variance_targeted_draft,,pending,new_direct_variance_candidate; screen full text and extract effect plus direct variance; required: effect estimate plus reported CI/SE or both-arm SD and n
EUROPEPMC:42065141,EUROPEPMC,42065141,Effects of,weight,"The KABP051 group experienced significantly greater improvements compared with placebo on body composition measurements, including a reduction in body weight and waist circumference, which decreased in 1.97 ± 0.77 (mean ± SE) kg and 2.15 ± 0.81 (mean ± SE) cm versus placebo at the end of the intervention (both P < .05, mixed model for repeated measures [MMRM] and post-hoc analysis).",P < .05,,kg,,,,,,direct_variance_targeted_draft,,pending,new_direct_variance_candidate; screen full text and extract effect plus direct variance; required: effect estimate plus reported CI/SE or both-arm SD and n
EUROPEPMC:42074987,EUROPEPMC,42074987,"A Randomized, Double-Blind, Placebo-Controlled Study to Evaluate the Effect of",weight,,,,kg,,,,,,direct_variance_targeted_draft,,pending,new_direct_variance_candidate; screen full text and extract effect plus direct variance; required: effect estimate plus reported CI/SE or both-arm SD and n
EUROPEPMC:42120725,EUROPEPMC,42120725,Pasteurized Akkermansia muciniphila Muc,weight,"Here we show that MucT led to lower body weight regain versus placebo at the end of the weight maintenance period (MucT: 1.2 ± 0.7 kg, placebo: 3.2 ± 0.4 kg, P = 0.012).",P = 0.012,,kg,,,,,,direct_variance_targeted_draft,,pending,new_direct_variance_candidate; screen full text and extract effect plus direct variance; required: effect estimate plus reported CI/SE or both-arm SD and n
PMID:33763720,PMID,33763720,"Mediterranean diet consumption affects the endocannabinoid system in overweight and obese subjects: possible links with gut microbiome, insulin resistance and inflammation.",weight,,,,kg,,,,,,direct_variance_targeted_draft,,pending,new_direct_variance_candidate; screen full text and extract effect plus direct variance; required: effect estimate plus reported CI/SE or both-arm SD and n
PMID:34115318,PMID,34115318,"The Effects of Limosilactobacillus reuteri LR-99 Supplementation on Body Mass Index, Social Communication, Fine Motor Function, and Gut Microbiome Composition in Individuals with Prader-Willi Syndrome: a Randomized Double-Blinded Placebo-Controlled Trial.",weight,,,,kg,,,,,,direct_variance_targeted_draft,,pending,new_direct_variance_candidate; screen full text and extract effect plus direct variance; required: effect estimate plus reported CI/SE or both-arm SD and n
PMID:35487505,PMID,35487505,"Effect of Lactobacillus plantarum LMT1-48 on Body Fat in Overweight Subjects: A Randomized, Double-Blind, Placebo-Controlled Trial.",weight,"After 12 weeks of treatment, the body weight decreased significantly from 76.6±9.4 to 75.7±9.2 kg in the LMT1-48 group but did not change in the placebo group (P=0.022 between groups).",P=0.022,,kg,,,,,,direct_variance_targeted_draft,,pending,new_direct_variance_candidate; screen full text and extract effect plus direct variance; required: effect estimate plus reported CI/SE or both-arm SD and n
PMID:36352899,PMID,36352899,Effect of garlic extract on weight loss and gut microbiota composition in obese women: A double-blind randomized controlled trial.,weight,,,,kg,,,,,,direct_variance_targeted_draft,,pending,new_direct_variance_candidate; screen full text and extract effect plus direct variance; required: effect estimate plus reported CI/SE or both-arm SD and n
PMID:36674104,PMID,36674104,Effects of a Diet Containing Sources of Prebiotics and Probiotics and Modification of the Gut Microbiota on the Reduction of Body Fat.,weight,,,,kg,,,,,,direct_variance_targeted_draft,,pending,new_direct_variance_candidate; screen full text and extract effect plus direct variance; required: effect estimate plus reported CI/SE or both-arm SD and n
PMID:37875559,PMID,37875559,"Evaluating probiotic efficacy on weight loss in adults with overweight through a double-blind, placebo-controlled randomized trial.",weight,,,,kg,,,,,,direct_variance_targeted_draft,,pending,new_direct_variance_candidate; screen full text and extract effect plus direct variance; required: effect estimate plus reported CI/SE or both-arm SD and n
PMID:39639405,PMID,39639405,Gut microbiota and metabolic responses to a 12-week caloric restriction combined with strength and HIIT training in patients with obesity: a randomized trial.,weight,,,,kg,,,,,,direct_variance_targeted_draft,,pending,new_direct_variance_candidate; screen full text and extract effect plus direct variance; required: effect estimate plus reported CI/SE or both-arm SD and n
PMID:40902730,PMID,40902730,Can Probiotics Influence Adaptive Thermogenesis Induced by Continuous Energy Restriction after a 12-Week Intervention in Adult Males Living with Obesity? A Secondary Analysis of a Randomized Clinical Trial (São Paulo Clinical Study of Obesity and Intestinal Microbiota).,weight,,,,kg,,,,,,direct_variance_targeted_draft,,pending,new_direct_variance_candidate; screen full text and extract effect plus direct variance; required: effect estimate plus reported CI/SE or both-arm SD and n
PMID:42151830,PMID,42151830,Short-term synbiotic supplementation and intrahepatic triglyceride content assessed by proton MR spectroscopy: a pilot study.,weight,,,,kg,,,,,,direct_variance_targeted_draft,,pending,new_direct_variance_candidate; screen full text and extract effect plus direct variance; required: effect estimate plus reported CI/SE or both-arm SD and n
