effect_id,study_id,evidence_id,outcome_domain,effect_measure,estimate,standard_error,variance,variance_provenance,ci_lower,ci_upper,effect_unit,intervention_mean,intervention_sd,intervention_n,control_mean,control_sd,control_n,intervention_arm_id,control_arm_id,comparison,time_point,sample_size_total,extraction_method,validation_ready,confidence,source_final_value,intervention_class,arm_label,source_title,analysis_study_id,canonical_unit,is_microbial_arm,comparison_matches_microbial_arm,is_high_confidence,has_variance,has_direct_variance,mixed_or_unspecified_unit,review_like_title,cointervention_flag,duplicate_publication_alias,multiple_effects_same_trial_stratum,robust_outlier_flag,primary_analysis_eligible
EUROPEPMC:41413231::weight::kg,EUROPEPMC:41413231,EUROPEPMC:41413231,weight,adjusted_mean_difference,-1.16,0.0994897959183673,0.0098982194918783,reported_ci,-1.36,-0.97,kg,,,,,,,EUROPEPMC:41413231::arm:intervention,EUROPEPMC:41413231::arm:control,synbiotic_vs_placebo_adjusted,4 months,96.0,adjusted_difference_with_95ci,True,high,adjusted difference -1.16 (95% CI -1.36 to -0.97),synbiotic,synbiotic,"The promising effects of a multi-species synbiotic preparation on metabolic profile in elderly patients with type 2 diabetes and high cardiovascular risk: a randomized, triple-blind, placebo-controlled trial.",PMID:41413231,kg,True,True,True,True,True,False,False,,False,False,False,True
EUROPEPMC:41413231::BMI::kg/m2,EUROPEPMC:41413231,EUROPEPMC:41413231,BMI,adjusted_mean_difference,-0.44,0.0382653061224489,0.0014642336526447,reported_ci,-0.51,-0.36,kg/m2,,,,,,,EUROPEPMC:41413231::arm:intervention,EUROPEPMC:41413231::arm:control,synbiotic_vs_placebo_adjusted,4 months,96.0,adjusted_difference_with_95ci,True,high,adjusted difference -0.44 (95% CI -0.51 to -0.36),synbiotic,synbiotic,"The promising effects of a multi-species synbiotic preparation on metabolic profile in elderly patients with type 2 diabetes and high cardiovascular risk: a randomized, triple-blind, placebo-controlled trial.",PMID:41413231,kg/m2,True,True,True,True,True,False,False,,False,False,False,True
PMID:40732984::weight::kg change,PMID:40732984,PMID:40732984,weight,adjusted_mean_difference,-6.5,2.770408163265306,7.675161391087045,reported_ci,-11.93,-1.07,kg change,,,,,,,PMID:40732984::arm:intervention,PMID:40732984::arm:control,WLM3P_vs_low_calorie_diet,6 months,58.0,adjusted_difference_with_95ci,True,high,WLM3P -20.6 vs LCD -12.9; adjusted group difference -6.50 (95% CI -11.93 to -1.07),other,WLM3P,Gut Microbiota Shifts After a Weight Loss Program in Adults with Obesity: The WLM3P Study.,PMID:40732984,kg,False,True,True,True,True,False,False,diet,False,False,False,False
PMID:40732984::BMI::kg/m2 change,PMID:40732984,PMID:40732984,BMI,adjusted_mean_difference,-2.61,0.5535714285714286,0.3064413265306123,reported_ci,-3.69,-1.52,kg/m2 change,,,,,,,PMID:40732984::arm:intervention,PMID:40732984::arm:control,WLM3P_vs_low_calorie_diet,6 months,58.0,adjusted_difference_with_95ci,True,high,WLM3P -7.1 vs LCD -4.6; adjusted difference -2.61 (95% CI -3.69 to -1.52),other,WLM3P,Gut Microbiota Shifts After a Weight Loss Program in Adults with Obesity: The WLM3P Study.,PMID:40732984,kg/m2,False,True,True,True,True,False,False,diet,False,False,False,False
PMID:37545298::weight::kg change at day 28,PMID:37545298,PMID:37545298,weight,unadjusted_mean_difference,-0.14,0.411710920857027,0.1695058823529411,arm_sd_and_n,-0.946953404879773,0.666953404879773,kg change at day 28,-0.98,1.4,17.0,-0.84,0.96,17.0,PMID:37545298::arm:intervention,PMID:37545298::arm:control,intermittent_low_carb_vs_intermittent_calorie_restriction,28 days,34.0,two_arm_mean_sd_and_arm_n,True,high,ILCD -0.98 +/- 1.40 vs ICR -0.84 +/- 0.96,other,intermittent low carb,Intermittent dietary carbohydrate restriction versus calorie restriction and cardiometabolic profiles: A randomized trial.,PMID:37545298,kg,False,True,True,True,True,False,False,diet,False,False,False,False
PMID:37545298::waist::cm change at day 28,PMID:37545298,PMID:37545298,waist,unadjusted_mean_difference,0.98,0.7364461563321996,0.5423529411764705,arm_sd_and_n,-0.4634344664111113,2.423434466411111,cm change at day 28,-0.17,2.46,17.0,-1.15,1.78,17.0,PMID:37545298::arm:intervention,PMID:37545298::arm:control,intermittent_low_carb_vs_intermittent_calorie_restriction,28 days,34.0,two_arm_mean_sd_and_arm_n,True,high,ILCD -0.17 +/- 2.46 vs ICR -1.15 +/- 1.78,other,intermittent low carb,Intermittent dietary carbohydrate restriction versus calorie restriction and cardiometabolic profiles: A randomized trial.,PMID:37545298,cm,False,True,True,True,True,False,False,diet,False,False,False,False
PMID:32521799::BMI::kg/m2,PMID:32521799,PMID:32521799,BMI,adjusted_mean_difference,-0.45,0.1224489795918367,0.014993752603082,reported_ci,-0.69,-0.21,kg/m2,,,,,,,PMID:32521799::arm:intervention,PMID:32521799::arm:control,probiotic_vs_control_pooled,,1256.0,adjusted_difference_with_95ci,True,high,between-group difference -0.45 (95% CI -0.69 to -0.21),probiotic,probiotic,The Effect of Probiotics and Synbiotics on Risk Factors Associated with Cardiometabolic Diseases in Healthy People-A Systematic Review and Meta-Analysis with Meta-Regression of Randomized Controlled T,PMID:32521799,kg/m2,True,True,True,True,True,False,True,,False,False,False,False
PMID:32521799::lipid::mg/dL,PMID:32521799,PMID:32521799,lipid,adjusted_mean_difference,-13.27,1.7704081632653057,3.1343450645564324,reported_ci,-16.74,-9.8,mg/dL,,,,,,,PMID:32521799::arm:intervention,PMID:32521799::arm:control,probiotic_vs_control_pooled,,,adjusted_difference_with_95ci,True,high,between-group difference -13.27 (95% CI -16.74 to -9.80),probiotic,probiotic,The Effect of Probiotics and Synbiotics on Risk Factors Associated with Cardiometabolic Diseases in Healthy People-A Systematic Review and Meta-Analysis with Meta-Regression of Randomized Controlled T,PMID:32521799,mg/dL,True,True,True,True,True,False,True,,False,False,False,False
PMID:31263284::weight::kg,PMID:31263284,PMID:31263284,weight,adjusted_mean_difference,-2.27,0.9183673469387756,0.8433985839233655,reported_ci,-4.07,-0.47,kg,,,,,,,PMID:31263284::arm:intervention,PMID:31263284::arm:control,pasteurized_akkermansia_muciniphila_vs_placebo,12 weeks,40.0,adjusted_difference_with_95ci,True,high,between-group difference -2.27 (95% CI -4.07 to -0.47),probiotic,pasteurized akkermansia muciniphila,"Pasteurized Akkermansia muciniphila in overweight/obese humans (Depommier, Nat Med 2019)",PMID:31263284,kg,True,True,True,True,True,False,False,,False,False,False,True
PMID:31263284::body_fat::kg,PMID:31263284,PMID:31263284,body_fat,adjusted_mean_difference,-1.37,0.8214285714285714,0.6747448979591836,reported_ci,-2.98,0.24,kg,,,,,,,PMID:31263284::arm:intervention,PMID:31263284::arm:control,pasteurized_akkermansia_muciniphila_vs_placebo,12 weeks,40.0,adjusted_difference_with_95ci,True,high,between-group difference -1.37 (95% CI -2.98 to 0.24),probiotic,pasteurized akkermansia muciniphila,"Pasteurized Akkermansia muciniphila in overweight/obese humans (Depommier, Nat Med 2019)",PMID:31263284,kg,True,True,True,True,True,False,False,,False,False,False,True
PMID:42120725::weight::kg,PMID:42120725,PMID:42120725,weight,adjusted_mean_difference,-3.1,0.6989795918367346,0.4885724698042482,reported_ci,-4.47,-1.73,kg,,,,,,,PMID:42120725::arm:intervention,PMID:42120725::arm:control,pasteurized_akkermansia_muciniphila_MucT_vs_placebo,12 weeks,144.0,adjusted_difference_with_95ci,True,high,net weight-loss between-group difference -3.1 (95% CI -4.47 to -1.73),probiotic,pasteurized akkermansia muciniphila MucT,Pasteurized Akkermansia muciniphila MucT weight maintenance RCT (2025),PMID:42120725,kg,True,True,True,True,True,False,False,,False,False,False,True
PMID:31965834::BMI::kg/m2 change,PMID:31965834,PMID:31965834,BMI,between_group_difference,-0.455,0.0943877551020408,0.0089090483132028,reported_ci,-0.64,-0.27,kg/m2 change,,,,,,,PMID:31965834::arm:intervention,PMID:31965834::arm:control,probiotic_UB0316_vs_placebo_change,,,curated_structured_effect_ci,True,high,difference -0.455 (95% CI -0.64 to -0.27),probiotic,probiotic UB0316,"Effect of multi-strain probiotic (UB0316) in weight management in overweight/obese adults: a 12-week double blind, randomised, placebo-controlled study.",PMID:31965834,kg/m2,True,True,True,True,True,False,False,,False,False,False,True
PMID:31965834::waist::WHR change,PMID:31965834,PMID:31965834,waist,between_group_difference,-0.035,0.0127551020408163,0.0001626926280716,reported_ci,-0.06,-0.01,WHR change,,,,,,,PMID:31965834::arm:intervention,PMID:31965834::arm:control,probiotic_UB0316_vs_placebo_change,,,curated_structured_effect_ci,True,high,difference -0.035 (95% CI -0.06 to -0.01),probiotic,probiotic UB0316,"Effect of multi-strain probiotic (UB0316) in weight management in overweight/obese adults: a 12-week double blind, randomised, placebo-controlled study.",PMID:31965834,ratio,True,True,True,True,True,False,False,,False,False,False,True
PMID:31965834::weight::kg change,PMID:31965834,PMID:31965834,weight,between_group_difference,-0.83,0.1683673469387755,0.028347563515202,reported_ci,-1.16,-0.5,kg change,,,,,,,PMID:31965834::arm:intervention,PMID:31965834::arm:control,probiotic_UB0316_vs_placebo_change,,,curated_structured_effect_ci,True,high,difference -0.83 (95% CI -1.16 to -0.50),probiotic,probiotic UB0316,"Effect of multi-strain probiotic (UB0316) in weight management in overweight/obese adults: a 12-week double blind, randomised, placebo-controlled study.",PMID:31965834,kg,True,True,True,True,True,False,False,,False,False,False,True
PMID:34919684::body_fat::visceral adiposity index change,PMID:34919684,PMID:34919684,body_fat,between_group_difference,-0.7,0.3137755102040816,0.0984550708038317,reported_ci,-1.315,-0.0849999999999999,visceral adiposity index change,,,,,,,PMID:34919684::arm:intervention,PMID:34919684::arm:control,probiotic_micronutrient_vs_basic_micronutrient_control_change,,,curated_structured_effect_ci,True,high,visceral adiposity index difference -0.70 (95% CI -1.31 to -0.08),probiotic,probiotic micronutrient,A Specifically Tailored Multistrain Probiotic and Micronutrient Mixture Affects Nonalcoholic Fatty Liver Disease-Related Markers in Patients with Obesity after Mini Gastric Bypass Surgery.,PMID:34919684,unspecified,True,True,True,True,True,True,False,Bypass; Micronutrient; Surgery; micronutrient,False,False,False,False
PMID:34919684::lipid_TG::mg/dL,PMID:34919684,PMID:34919684,lipid_TG,between_group_difference,-22.8,11.607142857142858,134.72576530612247,reported_ci,-45.55,-0.0500000000000007,mg/dL,,,,,,,PMID:34919684::arm:intervention,PMID:34919684::arm:control,probiotic_micronutrient_vs_basic_micronutrient_control_change,,,curated_structured_effect_ci,True,high,triglycerides difference -22.8 mg/dL (95% CI -45.6 to -0.1),probiotic,probiotic micronutrient,A Specifically Tailored Multistrain Probiotic and Micronutrient Mixture Affects Nonalcoholic Fatty Liver Disease-Related Markers in Patients with Obesity after Mini Gastric Bypass Surgery.,PMID:34919684,mg/dL,True,True,True,True,True,False,False,Bypass; Micronutrient; Surgery; micronutrient,False,False,False,True
PMID:35332040::glucose::mmol/mol HbA1c endpoint,PMID:35332040,PMID:35332040,glucose,between_group_difference,-0.8000000000000043,0.7660452968496033,0.5868253968253969,arm_sd_and_n,-2.3014487818252265,0.7014487818252182,mmol/mol HbA1c endpoint,,,,,,,PMID:35332040::arm:intervention,PMID:35332040::arm:control,probiotic_HN001_vs_placebo_endpoint,,66.0,curated_structured_effect_arm_sd,True,high,HN001 45.9 +/- 4.4 vs placebo 46.7 +/- 4.3; n=66 probiotic; n=63 placebo,probiotic,probiotic HN001,A randomised controlled trial of a probiotic and a prebiotic examining metabolic and mental health outcomes in adults with pre-diabetes.,PMID:35332040,mmol/mol,True,True,True,True,True,False,False,,False,False,False,True
PMID:37111082::BMI::kg/m2 endpoint,PMID:37111082,PMID:37111082,BMI,between_group_difference,-0.6099999999999994,0.6906875015563851,0.4770492248062015,arm_sd_and_n,-1.9637475030505145,0.7437475030505154,kg/m2 endpoint,,,,,,,PMID:37111082::arm:intervention,PMID:37111082::arm:control,synbiotic_vs_placebo_endpoint,,43.0,curated_structured_effect_arm_sd,True,high,synbiotic 26.85 +/- 2.91 vs placebo 27.46 +/- 3.43 at week 12; n=43 synbiotic; n=42 placebo,synbiotic,synbiotic,,PMID:37111082,kg/m2,True,True,True,True,True,False,False,,False,False,False,True
PMID:37111082::weight::kg endpoint,PMID:37111082,PMID:37111082,weight,between_group_difference,-1.7199999999999989,2.72589365800887,7.4304962347729795,arm_sd_and_n,-7.062751569697384,3.622751569697386,kg endpoint,,,,,,,PMID:37111082::arm:intervention,PMID:37111082::arm:control,synbiotic_vs_placebo_endpoint,,43.0,curated_structured_effect_arm_sd,True,high,synbiotic 72.10 +/- 12.85 vs placebo 73.82 +/- 12.28 at week 12; n=43 synbiotic; n=42 placebo,synbiotic,synbiotic,,PMID:37111082,kg,True,True,True,True,True,False,False,,False,False,False,True
PMID:37447365::BMI::kg/m2 change,PMID:37447365,PMID:37447365,BMI,between_group_difference,-0.37,0.1265246006761973,0.0160084745762711,arm_sd_and_n,-0.6179882173253467,-0.1220117826746532,kg/m2 change,,,,,,,PMID:37447365::arm:intervention,PMID:37447365::arm:control,probiotic_vs_placebo_change,,59.0,curated_structured_effect_arm_sd,True,high,probiotic -0.24 +/- 0.74 vs placebo +0.13 +/- 0.63; n=59 probiotic; n=59 placebo,probiotic,probiotic,,PMID:37447365,kg/m2,True,True,True,True,True,False,False,,False,False,False,True
PMID:37447365::body_fat::kg body fat mass change,PMID:37447365,PMID:37447365,body_fat,between_group_difference,-0.74,0.3307208357307423,0.1093762711864406,arm_sd_and_n,-1.388212838032255,-0.091787161967745,kg body fat mass change,,,,,,,PMID:37447365::arm:intervention,PMID:37447365::arm:control,probiotic_vs_placebo_change,,59.0,curated_structured_effect_arm_sd,True,high,probiotic -0.61 +/- 1.94 vs placebo +0.13 +/- 1.64; n=59 probiotic; n=59 placebo,probiotic,probiotic,,PMID:37447365,kg,True,True,True,True,True,False,False,,False,False,False,True
PMID:37447365::waist::cm waist circumference change,PMID:37447365,PMID:37447365,waist,between_group_difference,-1.17,0.4834989001442278,0.2337711864406779,arm_sd_and_n,-2.1176578442826863,-0.2223421557173134,cm waist circumference change,,,,,,,PMID:37447365::arm:intervention,PMID:37447365::arm:control,probiotic_vs_placebo_change,,59.0,curated_structured_effect_arm_sd,True,high,probiotic -1.57 +/- 2.70 vs placebo -0.40 +/- 2.55; n=59 probiotic; n=59 placebo,probiotic,probiotic,,PMID:37447365,cm,True,True,True,True,True,False,False,,False,False,False,True
PMID:37447365::weight::kg change,PMID:37447365,PMID:37447365,weight,between_group_difference,-1.06,0.3729361284887847,0.1390813559322034,arm_sd_and_n,-1.7909548118380183,-0.3290451881619819,kg change,,,,,,,PMID:37447365::arm:intervention,PMID:37447365::arm:control,probiotic_vs_placebo_change,,59.0,curated_structured_effect_arm_sd,True,high,probiotic -0.69 +/- 2.17 vs placebo +0.37 +/- 1.87; n=59 probiotic; n=59 placebo,probiotic,probiotic,,PMID:37447365,kg,True,True,True,True,True,False,False,,False,False,False,True
PMID:39456659::BMI::kg/m2 change,PMID:39456659,PMID:39456659,BMI,between_group_difference,-0.56,0.3632545699310024,0.1319538825757575,arm_sd_and_n,-1.2719789570647648,0.1519789570647647,kg/m2 change,,,,,,,PMID:39456659::arm:intervention,PMID:39456659::arm:control,probiotic_vs_placebo_change,,33.0,curated_structured_effect_arm_sd,True,high,BBr60 -1.49 +/- 1.37 vs placebo -0.93 +/- 1.55; n=33 BBr60; n=32 placebo,probiotic,probiotic,,PMID:39456659,kg/m2,True,True,True,True,True,False,False,,False,False,False,True
PMID:39456659::weight::kg change,PMID:39456659,PMID:39456659,weight,between_group_difference,-1.85,1.0630474080052434,1.1300697916666664,arm_sd_and_n,-3.933572919690277,0.2335729196902769,kg change,,,,,,,PMID:39456659::arm:intervention,PMID:39456659::arm:control,probiotic_vs_placebo_change,,33.0,curated_structured_effect_arm_sd,True,high,BBr60 -4.67 +/- 4.40 vs placebo -2.82 +/- 4.17; n=33 BBr60; n=32 placebo,probiotic,probiotic,,PMID:39456659,kg,True,True,True,True,True,False,False,,False,False,False,True
PMID:40416368::weight::kg endpoint,PMID:40416368,PMID:40416368,weight,between_group_difference,1.8799999999999957,2.917552419616848,8.512112121212121,arm_sd_and_n,-3.838402742449026,7.598402742449017,kg endpoint,,,,,,,PMID:40416368::arm:intervention,PMID:40416368::arm:control,probiotic_vs_placebo_endpoint,,33.0,curated_structured_effect_arm_sd,True,high,BC99 80.39 +/- 12.74 vs placebo 78.51 +/- 10.89 at week 8; n=33 BC99; n=33 placebo; overweight subgroup BC99 76.07 +/- 10.73 vs placebo 73.54 +/- 7.76; subgroup n=20 BC99; n=20 placebo,probiotic,probiotic,,PMID:40416368,kg,True,True,True,True,True,False,False,,False,False,False,True
EUROPEPMC:40676704::weight::kg change,EUROPEPMC:40676704,EUROPEPMC:40676704,weight,unadjusted_mean_difference,-0.24,,,missing,,,kg change,-1.22,2.78,,-0.98,2.06,,EUROPEPMC:40676704::arm:intervention,EUROPEPMC:40676704::arm:control,BL21_vs_placebo_change,8 weeks,66.0,two_arm_mean_sd_missing_arm_n,False,high,BL21 -1.22 +/- 2.78 vs placebo -0.98 +/- 2.06,probiotic,BL21,"Multi-omics analyses the effect of Bifidobacterium longum subsp. longum BL21 supplementation on overweight and obese subjects: a randomized, double-blind, placebo-controlled study.",PMID:40676704,kg,True,True,True,False,False,False,False,,False,False,False,True
DOI:10.3803/EnM.2020.35.2.425::body_fat::kg,DOI:10.3803/EnM.2020.35.2.425,DOI:10.3803/EnM.2020.35.2.425,body_fat,between_group_difference,-0.8,0.3381779970803772,0.1143643577092956,pvalue_backcalculated,-1.4628288742775395,-0.1371711257224606,kg,,,,,,,DOI:10.3803/EnM.2020.35.2.425::arm:intervention,DOI:10.3803/EnM.2020.35.2.425::arm:control,probiotic_L_sakei_CJLS03_vs_placebo,,114.0,curated_structured_effect_pbound,False,high,"Body fat mass change CJLS03 -0.2 kg vs placebo +0.6 kg; 0.8 kg between-group difference, P=0.018",probiotic,probiotic L sakei CJLS03,Effect of Lactobacillus sakei CJLS03 on body fat in Koreans with obesity (EnM 2020),DOI:10.3803/EnM.2020.35.2.425,kg,True,True,True,True,False,False,False,,True,True,False,True
DOI:10.3803/EnM.2020.35.2.425::waist::cm,DOI:10.3803/EnM.2020.35.2.425,DOI:10.3803/EnM.2020.35.2.425,waist,between_group_difference,-0.8,0.3220911065186057,0.1037426808983798,pvalue_backcalculated,-1.4312985687764672,-0.1687014312235328,cm,,,,,,,DOI:10.3803/EnM.2020.35.2.425::arm:intervention,DOI:10.3803/EnM.2020.35.2.425::arm:control,probiotic_L_sakei_CJLS03_vs_placebo,,114.0,curated_structured_effect_pbound,False,high,"Waist circumference 0.8 cm smaller in CJLS03 than placebo at 12 weeks, P=0.013",probiotic,probiotic L sakei CJLS03,Effect of Lactobacillus sakei CJLS03 on body fat in Koreans with obesity (EnM 2020),DOI:10.3803/EnM.2020.35.2.425,cm,True,True,True,True,False,False,False,,True,False,False,True
PMID:27810310::body_fat::relative body fat mass change; kg difference,PMID:27810310,PMID:27810310,body_fat,between_group_difference,0.0,,,missing,,,relative body fat mass change; kg difference,,,,,,,PMID:27810310::arm:intervention,PMID:27810310::arm:control,LU+B420_vs_placebo_change_PP,,209.0,curated_structured_effect_no_se,False,high,LU+B420 -4.5% (-1.4 kg) vs placebo; B420 alone -3.0% vs placebo,other,LU+B420,,PMID:27810310,mixed,False,True,True,False,False,True,False,,False,False,False,False
PMID:27810310::waist::waist circumference change,PMID:27810310,PMID:27810310,waist,between_group_difference,0.0,,,missing,,,waist circumference change,,,,,,,PMID:27810310::arm:intervention,PMID:27810310::arm:control,LU+B420_vs_placebo_change_PP,,209.0,curated_structured_effect_no_se,False,high,LU+B420 -2.7% (-2.6 cm) vs placebo; factorial B420 -2.4 cm vs placebo,other,LU+B420,,PMID:27810310,unspecified,False,True,True,False,False,True,False,,False,False,False,False
PMID:27810310::weight::qualitative PP result,PMID:27810310,PMID:27810310,weight,between_group_difference,0.0,,,missing,,,qualitative PP result,,,,,,,PMID:27810310::arm:intervention,PMID:27810310::arm:control,B420_or_LU+B420_vs_placebo_change_PP,,209.0,curated_structured_effect_no_se,False,high,B420 trend to lower body weight vs placebo; LU+B420 body fat loss counterbalanced by lean mass gain,other,LU+B420,,PMID:27810310,unspecified,False,True,True,False,False,True,False,,False,False,False,False
PMID:37111082::waist::% waist circumference change from baseline,PMID:37111082,PMID:37111082,waist,between_group_difference,-3.49,,,missing,,,% waist circumference change from baseline,,,,,,,PMID:37111082::arm:intervention,PMID:37111082::arm:control,baseline_to_post_synbiotic_with_placebo_context,,,curated_structured_effect_no_se,False,high,synbiotic -2.57 vs placebo +0.92,synbiotic,synbiotic,,PMID:37111082,%,True,True,True,False,False,False,False,,False,False,False,True
PMID:38542727::BMI::kg/m2 endpoint and approximate change,PMID:38542727,PMID:38542727,BMI,between_group_difference,-0.07,,,missing,,,kg/m2 endpoint and approximate change,,,,,,,PMID:38542727::arm:intervention,PMID:38542727::arm:control,probiotic_vs_placebo_endpoint_ANCOVA,,,curated_structured_effect_no_se,False,high,"probiotics 26.28 vs placebo 26.35 at week 16; placebo +0.33, probiotics +0.08 from baseline",probiotic,probiotic,,PMID:38542727,kg/m2,True,True,True,False,False,False,False,,False,False,False,True
PMID:38542727::body_fat::cm2 abdominal fat area endpoint,PMID:38542727,PMID:38542727,body_fat,between_group_difference,-8.53,,,missing,,,cm2 abdominal fat area endpoint,,,,,,,PMID:38542727::arm:intervention,PMID:38542727::arm:control,probiotic_vs_placebo_endpoint_ANCOVA,,,curated_structured_effect_no_se,False,high,total fat area probiotics 312.42 vs placebo 320.95; visceral fat area probiotics 111.50 vs placebo 115.69 at week 16,probiotic,probiotic,,PMID:38542727,cm,True,True,True,False,False,False,False,,False,False,False,True
PMID:38542727::lipid_TG::mg/dL,PMID:38542727,PMID:38542727,lipid_TG,between_group_difference,-18.59,,,missing,,,mg/dL,,,,,,,PMID:38542727::arm:intervention,PMID:38542727::arm:control,probiotic_vs_placebo_endpoint_ANCOVA,,,curated_structured_effect_no_se,False,high,probiotics 108.98 vs placebo 127.57 at week 16; probiotics -21.89 from baseline,probiotic,probiotic,,PMID:38542727,mg/dL,True,True,True,False,False,False,False,,False,False,False,True
PMID:38542727::weight::kg endpoint and approximate change,PMID:38542727,PMID:38542727,weight,between_group_difference,-0.82,,,missing,,,kg endpoint and approximate change,,,,,,,PMID:38542727::arm:intervention,PMID:38542727::arm:control,probiotic_vs_placebo_endpoint_ANCOVA,,,curated_structured_effect_no_se,False,high,"probiotics 73.82 vs placebo 74.64 at week 16; placebo +0.90, probiotics +0.27 from baseline",probiotic,probiotic,,PMID:38542727,kg,True,True,True,False,False,False,False,,False,False,False,True
PMID:38999741::BMI::kg/m2 change,PMID:38999741,PMID:38999741,BMI,between_group_difference,202.11,,,missing,,,kg/m2 change,,,,,,,PMID:38999741::arm:intervention,PMID:38999741::arm:control,probiotic_vs_placebo_change,,,curated_structured_effect_no_se,False,high,BN-202M -0.23 +/- 0.60 vs placebo -0.11 +/- 0.52,probiotic,probiotic,,PMID:38999741,kg/m2,True,True,True,False,False,False,False,,False,False,True,False
PMID:38999741::body_fat::percentage-point body fat change,PMID:38999741,PMID:38999741,body_fat,between_group_difference,201.52,,,missing,,,percentage-point body fat change,,,,,,,PMID:38999741::arm:intervention,PMID:38999741::arm:control,probiotic_vs_placebo_change,,,curated_structured_effect_no_se,False,high,BN-202M -0.10 +/- 1.32 vs placebo +0.48 +/- 1.10,probiotic,probiotic,,PMID:38999741,%,True,True,True,False,False,False,False,,False,False,False,True
PMID:38999741::weight::kg change,PMID:38999741,PMID:38999741,weight,between_group_difference,202.33,,,missing,,,kg change,,,,,,,PMID:38999741::arm:intervention,PMID:38999741::arm:control,probiotic_vs_placebo_change,,,curated_structured_effect_no_se,False,high,BN-202M -0.58 +/- 1.59 vs placebo -0.33 +/- 1.32,probiotic,probiotic,,PMID:38999741,kg,True,True,True,False,False,False,False,,False,False,True,False
PMID:39051504::BMI::kg/m2 change,PMID:39051504,PMID:39051504,BMI,between_group_difference,-0.16,0.1165461493475624,0.0135830049277443,pvalue_backcalculated,-0.3884304527212224,0.0684304527212223,kg/m2 change,,,,,,,PMID:39051504::arm:intervention,PMID:39051504::arm:control,probiotic_vs_placebo_change,,49.0,curated_structured_effect_pbound,False,high,probiotic -0.23 +/- 0.43 vs placebo -0.07 +/- 0.59,probiotic,probiotic,,PMID:39051504,kg/m2,True,True,True,True,False,False,False,,False,False,False,True
PMID:39051504::body_fat::kg total fat mass change,PMID:39051504,PMID:39051504,body_fat,between_group_difference,-0.29,0.1417002762472876,0.0200789682885576,pvalue_backcalculated,-0.5677325414446839,-0.0122674585553161,kg total fat mass change,,,,,,,PMID:39051504::arm:intervention,PMID:39051504::arm:control,probiotic_vs_placebo_change,,49.0,curated_structured_effect_pbound,False,high,probiotic -0.45 +/- 0.83 vs placebo -0.16 +/- 0.83,probiotic,probiotic,,PMID:39051504,kg,True,True,True,True,False,False,False,,False,False,False,True
PMID:39051504::lipid_TG::mg/dL,PMID:39051504,PMID:39051504,lipid_TG,between_group_difference,-28.0,10.68813369234778,114.23620182549978,pvalue_backcalculated,-48.94874203700165,-7.051257962998353,mg/dL,,,,,,,PMID:39051504::arm:intervention,PMID:39051504::arm:control,probiotic_vs_placebo_change,,49.0,curated_structured_effect_pbound,False,high,probiotic -15 +/- 62 vs placebo +13 +/- 60,probiotic,probiotic,,PMID:39051504,mg/dL,True,True,True,True,False,False,False,,False,False,False,True
PMID:39456659::glucose::mmol/L fasting blood glucose,PMID:39456659,PMID:39456659,glucose,between_group_difference,-5.69,,,missing,,,mmol/L fasting blood glucose,,,,,,,PMID:39456659::arm:intervention,PMID:39456659::arm:control,probiotic_vs_placebo_endpoint,,,curated_structured_effect_no_se,False,high,BBr60 5.26 +/- 0.57 vs placebo 5.69 +/- 0.86 at week 12,probiotic,probiotic,,PMID:39456659,mmol/L,True,True,True,False,False,False,False,,False,False,False,True
PMID:40066582::BMI::kg/m2 BMI change,PMID:40066582,PMID:40066582,BMI,between_group_difference,0.21,0.4359316907102629,0.1900364389655083,pvalue_backcalculated,-0.6444261137921152,1.0644261137921152,kg/m2 BMI change,,,,,,,PMID:40066582::arm:intervention,PMID:40066582::arm:control,probiotic_vs_placebo_change,,12.0,curated_structured_effect_pbound,False,high,probiotic -1.06 +/- 1.13 vs placebo -1.27 +/- 1.14,probiotic,probiotic,,PMID:40066582,kg/m2,True,True,True,True,False,False,False,,False,False,False,True
PMID:40066582::body_fat::kg fat mass change,PMID:40066582,PMID:40066582,body_fat,between_group_difference,0.65,0.6911774296950433,0.4777262393198465,pvalue_backcalculated,-0.7047077622022847,2.0047077622022846,kg fat mass change,,,,,,,PMID:40066582::arm:intervention,PMID:40066582::arm:control,probiotic_vs_placebo_change,,12.0,curated_structured_effect_pbound,False,high,fat mass kg probiotic -2.04 +/- 2.29 vs placebo -2.69 +/- 2.34,probiotic,probiotic,,PMID:40066582,kg,True,True,True,True,False,False,False,,False,False,False,True
PMID:40066582::body_fat::percentage-point and kg fat mass change,PMID:40066582,PMID:40066582,body_fat,between_group_difference,-0.42,0.4466069545721818,0.1994577718722388,pvalue_backcalculated,-1.2953496309614765,0.4553496309614763,percentage-point and kg fat mass change,,,,,,,PMID:40066582::arm:intervention,PMID:40066582::arm:control,probiotic_vs_placebo_change,,12.0,curated_structured_effect_pbound,False,high,fat mass % probiotic -1.98 +/- 1.63 vs placebo -1.56 +/- 2.20; fat mass kg probiotic -2.04 +/- 2.29 vs placebo -2.69 +/- 2.34,probiotic,probiotic,,PMID:40066582,mixed,True,True,True,True,False,True,False,,False,False,False,False
PMID:40066582::body_fat::percentage-point body fat change,PMID:40066582,PMID:40066582,body_fat,between_group_difference,-0.42,0.5474901352617806,0.2997454482089628,pvalue_backcalculated,-1.49308066511309,0.65308066511309,percentage-point body fat change,,,,,,,PMID:40066582::arm:intervention,PMID:40066582::arm:control,probiotic_vs_placebo_change,,12.0,curated_structured_effect_pbound,False,high,fat mass % probiotic -1.98 +/- 1.63 vs placebo -1.56 +/- 2.20,probiotic,probiotic,,PMID:40066582,%,True,True,True,True,False,False,False,,False,False,False,True
PMID:40066582::lipid_TC::mg/dL,PMID:40066582,PMID:40066582,lipid_TC,between_group_difference,-10.59,124.10816318447196,15402.836169023518,pvalue_backcalculated,-253.841999841565,232.661999841565,mg/dL,,,,,,,PMID:40066582::arm:intervention,PMID:40066582::arm:control,probiotic_vs_placebo_change,,12.0,curated_structured_effect_pbound,False,high,TC probiotic -36.50 +/- 19.27 vs placebo -25.91 +/- 19.25; LDL probiotic -31.75 +/- 18.11 vs placebo -31.91 +/- 31.00; TG probiotic -31.83 +/- 67.37 vs placebo -28.25 +/- 59.09,probiotic,probiotic,,PMID:40066582,mg/dL,True,True,True,True,False,False,False,,False,False,False,True
PMID:40066582::lipid_LDL::mg/dL,PMID:40066582,PMID:40066582,lipid_LDL,between_group_difference,0.16,1.8750997270552887,3.51599898640282,pvalue_backcalculated,-3.5151954650283663,3.835195465028367,mg/dL,,,,,,,PMID:40066582::arm:intervention,PMID:40066582::arm:control,probiotic_vs_placebo_change,,12.0,curated_structured_effect_pbound,False,high,TC probiotic -36.50 +/- 19.27 vs placebo -25.91 +/- 19.25; LDL probiotic -31.75 +/- 18.11 vs placebo -31.91 +/- 31.00; TG probiotic -31.83 +/- 67.37 vs placebo -28.25 +/- 59.09,probiotic,probiotic,,PMID:40066582,mg/dL,True,True,True,True,False,False,False,,False,False,False,True
PMID:40066582::lipid_TG::mg/dL,PMID:40066582,PMID:40066582,lipid_TG,between_group_difference,-3.58,41.95535639286209,1760.2519300520742,pvalue_backcalculated,-85.8124985300097,78.65249853000971,mg/dL,,,,,,,PMID:40066582::arm:intervention,PMID:40066582::arm:control,probiotic_vs_placebo_change,,12.0,curated_structured_effect_pbound,False,high,TC probiotic -36.50 +/- 19.27 vs placebo -25.91 +/- 19.25; LDL probiotic -31.75 +/- 18.11 vs placebo -31.91 +/- 31.00; TG probiotic -31.83 +/- 67.37 vs placebo -28.25 +/- 59.09,probiotic,probiotic,,PMID:40066582,mg/dL,True,True,True,True,False,False,False,,False,False,False,True
PMID:40066582::weight::kg body weight change,PMID:40066582,PMID:40066582,weight,between_group_difference,1.36,1.2226682324400364,1.494917606618043,pvalue_backcalculated,-1.0364297355824712,3.756429735582471,kg body weight change,,,,,,,PMID:40066582::arm:intervention,PMID:40066582::arm:control,probiotic_vs_placebo_change,,12.0,curated_structured_effect_pbound,False,high,probiotic -2.75 +/- 2.60 vs placebo -4.11 +/- 2.87,probiotic,probiotic,,PMID:40066582,kg,True,True,True,True,False,False,False,,False,False,False,True
"PMID:40385498::BMI::kg/m2 change, median (IQR)",PMID:40385498,PMID:40385498,BMI,between_group_difference,0.04,,,missing,,,"kg/m2 change, median (IQR)",,,,,,,PMID:40385498::arm:intervention,PMID:40385498::arm:control,synbiotic_vs_placebo_change,,,curated_structured_effect_no_se,False,high,"intervention -0.31 (-0.59, -0.04) vs placebo -0.35 (-0.79, 0.22)",synbiotic,synbiotic,,PMID:40385498,kg/m2,True,True,True,False,False,False,False,,False,False,False,True
PMID:40385498::glucose::mg/dL FBS change and insulin qualitative,PMID:40385498,PMID:40385498,glucose,between_group_difference,-4.3,,,missing,,,mg/dL FBS change and insulin qualitative,,,,,,,PMID:40385498::arm:intervention,PMID:40385498::arm:control,synbiotic_vs_placebo_change,,,curated_structured_effect_no_se,False,high,"FBS intervention -1.80 (-13.84, 5.75) vs placebo +2.50 (-13.00, 11.00); insulin increased in intervention",synbiotic,synbiotic,,PMID:40385498,mg/dL,True,True,True,False,False,False,False,,False,False,False,True
PMID:40385498::lipid_HDL::mg/dL,PMID:40385498,PMID:40385498,lipid_HDL,between_group_difference,-5.0,,,missing,,,mg/dL,,,,,,,PMID:40385498::arm:intervention,PMID:40385498::arm:control,synbiotic_vs_placebo_change,,,curated_structured_effect_no_se,False,high,"HDL intervention -3 (-15, 9) vs placebo +2 (-2.75, 7.00); TG intervention +13.50 vs placebo -8.00",synbiotic,synbiotic,,PMID:40385498,mg/dL,True,True,True,False,False,False,False,,False,False,False,True
PMID:40385498::lipid_TG::mg/dL,PMID:40385498,PMID:40385498,lipid_TG,between_group_difference,21.5,,,missing,,,mg/dL,,,,,,,PMID:40385498::arm:intervention,PMID:40385498::arm:control,synbiotic_vs_placebo_change,,,curated_structured_effect_no_se,False,high,"HDL intervention -3 (-15, 9) vs placebo +2 (-2.75, 7.00); TG intervention +13.50 vs placebo -8.00",synbiotic,synbiotic,,PMID:40385498,mg/dL,True,True,True,False,False,False,False,,False,False,False,True
"PMID:40385498::weight::kg change, median (IQR)",PMID:40385498,PMID:40385498,weight,between_group_difference,0.15,,,missing,,,"kg change, median (IQR)",,,,,,,PMID:40385498::arm:intervention,PMID:40385498::arm:control,synbiotic_vs_placebo_change,,,curated_structured_effect_no_se,False,high,"intervention -0.80 (-1.49, -0.09) vs placebo -0.95 (-1.98, 0.70)",synbiotic,synbiotic,,PMID:40385498,kg,True,True,True,False,False,False,False,,False,False,False,True
PMID:40409234::BMI::kg/m2 change,PMID:40409234,PMID:40409234,BMI,between_group_difference,0.3,0.2445928430821833,0.0598256588870255,pvalue_backcalculated,-0.1794019724410793,0.7794019724410792,kg/m2 change,,,,,,,PMID:40409234::arm:intervention,PMID:40409234::arm:control,probiotic_vs_control_change,,66.0,curated_structured_effect_pbound,False,high,probiotic -0.3 +/- 0.9 vs control -0.6 +/- 1.2,probiotic,probiotic,,PMID:40409234,kg/m2,True,True,True,True,False,False,False,,False,False,False,True
PMID:40409234::body_fat::kg total fat mass change,PMID:40409234,PMID:40409234,body_fat,between_group_difference,1.11,0.6945343289695302,0.4823779341171555,pvalue_backcalculated,-0.2512872847802789,2.471287284780279,kg total fat mass change,,,,,,,PMID:40409234::arm:intervention,PMID:40409234::arm:control,probiotic_vs_control_change,,66.0,curated_structured_effect_pbound,False,high,probiotic -0.69 +/- 1.16 vs control -1.80 +/- 2.65,probiotic,probiotic,,PMID:40409234,kg,True,True,True,True,False,False,False,,False,False,False,True
"PMID:40409234::glucose::% HbA1c change, median (IQR)",PMID:40409234,PMID:40409234,glucose,between_group_difference,0.0,,,missing,,,"% HbA1c change, median (IQR)",,,,,,,PMID:40409234::arm:intervention,PMID:40409234::arm:control,probiotic_vs_control_change,,66.0,curated_structured_effect_no_se,False,high,probiotic 0 (-0.3; 0) vs control 0 (-0.1; 0.2),probiotic,probiotic,,PMID:40409234,%,True,True,True,False,False,False,False,,False,False,False,True
PMID:40409234::lipid_TG::mg/dL,PMID:40409234,PMID:40409234,lipid_TG,between_group_difference,0.0,,,missing,,,mg/dL,,,,,,,PMID:40409234::arm:intervention,PMID:40409234::arm:control,probiotic_vs_control_change,,66.0,curated_structured_effect_no_se,False,high,probiotic 0 (-49; 0) vs control 0 (-10; 6),probiotic,probiotic,,PMID:40409234,mg/dL,True,True,True,False,False,False,False,,False,False,False,True
PMID:40409234::waist::cm waist circumference change,PMID:40409234,PMID:40409234,waist,between_group_difference,1.2,0.7295481982941232,0.5322405736342013,pvalue_backcalculated,-0.2299144686564815,2.629914468656481,cm waist circumference change,,,,,,,PMID:40409234::arm:intervention,PMID:40409234::arm:control,probiotic_vs_control_change,,66.0,curated_structured_effect_pbound,False,high,probiotic -1.3 +/- 1.8 vs control -2.5 +/- 3.1,probiotic,probiotic,,PMID:40409234,cm,True,True,True,True,False,False,False,,False,False,False,True
PMID:40409234::weight::kg change,PMID:40409234,PMID:40409234,weight,between_group_difference,0.9,0.8330870012204639,0.6940339516025051,pvalue_backcalculated,-0.732850522392109,2.532850522392109,kg change,,,,,,,PMID:40409234::arm:intervention,PMID:40409234::arm:control,probiotic_vs_control_change,,66.0,curated_structured_effect_pbound,False,high,probiotic -0.8 +/- 2.3 vs control -1.7 +/- 3.1,probiotic,probiotic,,PMID:40409234,kg,True,True,True,True,False,False,False,,False,False,False,True
PMID:40416368::lipid::mmol/L triglyceride endpoint,PMID:40416368,PMID:40416368,lipid,between_group_difference,0.07,,,missing,,,mmol/L triglyceride endpoint,,,,,,,PMID:40416368::arm:intervention,PMID:40416368::arm:control,probiotic_vs_placebo_endpoint,,,curated_structured_effect_no_se,False,high,TG BC99 1.46 +/- 0.57 vs placebo 1.39 +/- 0.78 at week 8,probiotic,probiotic,,PMID:40416368,mmol/L,True,True,True,False,False,False,False,,False,False,False,True
PMID:41512635::BMI::kg/m2 change,PMID:41512635,PMID:41512635,BMI,between_group_difference,0.11,0.1777424330885141,0.0315923725202249,pvalue_backcalculated,-0.2383751688534878,0.4583751688534878,kg/m2 change,,,,,,,PMID:41512635::arm:intervention,PMID:41512635::arm:control,synbiotic_vs_placebo_change,,112.0,curated_structured_effect_pbound,False,high,synbiotic +0.22 +/- 0.85 vs placebo +0.11 +/- 1.03,synbiotic,synbiotic,,PMID:41512635,kg/m2,True,True,True,True,False,False,False,,False,False,False,True
PMID:41512635::body_fat::cm2 VAT area change,PMID:41512635,PMID:41512635,body_fat,between_group_difference,-7.81,3.9496938904707584,15.600081828422034,pvalue_backcalculated,-15.551400025322684,-0.0685999746773129,cm2 VAT area change,,,,,,,PMID:41512635::arm:intervention,PMID:41512635::arm:control,synbiotic_vs_placebo_change,,112.0,curated_structured_effect_pbound,False,high,synbiotic -4.49 +/- 21.22 vs placebo +3.32 +/- 19.62,synbiotic,synbiotic,,PMID:41512635,cm,True,True,True,True,False,False,False,,False,False,False,True
PMID:41512635::waist::cm waist circumference change,PMID:41512635,PMID:41512635,waist,between_group_difference,-0.21,0.6786832238503547,0.4606109183359107,pvalue_backcalculated,-1.5402191187466951,1.1202191187466952,cm waist circumference change,,,,,,,PMID:41512635::arm:intervention,PMID:41512635::arm:control,synbiotic_vs_placebo_change,,112.0,curated_structured_effect_pbound,False,high,synbiotic +0.26 +/- 3.68 vs placebo +0.47 +/- 3.31,synbiotic,synbiotic,,PMID:41512635,cm,True,True,True,True,False,False,False,,False,False,False,True
PMID:41512635::weight::kg change,PMID:41512635,PMID:41512635,weight,between_group_difference,-0.03,0.4983768552839499,0.2483794898827191,pvalue_backcalculated,-1.006818636356542,0.9468186363565418,kg change,,,,,,,PMID:41512635::arm:intervention,PMID:41512635::arm:control,synbiotic_vs_placebo_change,,112.0,curated_structured_effect_pbound,False,high,synbiotic +0.51 +/- 2.33 vs placebo +0.54 +/- 2.62,synbiotic,synbiotic,,PMID:41512635,kg,True,True,True,True,False,False,False,,False,False,False,True
PMID:40637175::BMI::%,PMID:40637175,PMID:40637175,BMI,adjusted_mean_difference,-0.7,0.2806122448979592,0.0787432319866722,reported_ci,-1.25,-0.15,%,,,,,,,PMID:40637175::arm:intervention,PMID:40637175::arm:control,abstract_mined,,,abstract_mined,True,low,"According to one study with 41 participants and in children and adolescents 0 to 19 years of age, intervention with prebiotics compared to placebo may result in a small reduction in BMI (mean difference = -0.70, 95% CI = -1.25 to -0.15) and body weight (mean difference = -1.5, 95% CI = -2.61 to -0.3",,,,PMID:40637175,%,False,True,False,True,True,False,False,,False,False,False,False
PMID:39636391::BMI::%,PMID:39636391,PMID:39636391,BMI,abstract_directional_change,-8.0,,,missing,,,%,,,,,,,PMID:39636391::arm:intervention,PMID:39636391::arm:control,abstract_mined,,,abstract_mined,False,low,"Subjects in the Placebo Group and the Synbiotic Group experienced significant reduction of BMI (- 8% and - 11%, respectively;",,,,PMID:39636391,%,False,True,False,False,False,False,False,,False,False,False,False
PMID:25909598::BMI::%,PMID:25909598,PMID:25909598,BMI,abstract_directional_change,-53.8,16.349965944694535,267.32138639267106,unclassified_standard_error,-85.84593325160128,-21.754066748398703,%,,,,,,,PMID:25909598::arm:intervention,PMID:25909598::arm:control,abstract_mined,,9.0,abstract_mined,False,low,"The reduction in the body weight of patients undergoing RYGB was 53.8% higher in the prebiotic group compared with the placebo group (-0.7 kg, P=0.001), whereas the reduction in the BMI and the increase in the percentage of excess weight loss were higher in the placebo and the prebiotic groups compa",,,,PMID:25909598,%,False,True,False,True,False,False,False,,False,False,False,False
EUROPEPMC:41601941::glucose::%,EUROPEPMC:41601941,EUROPEPMC:41601941,glucose,abstract_directional_change,-7.2,,,missing,,,%,,,,,,,EUROPEPMC:41601941::arm:intervention,EUROPEPMC:41601941::arm:control,abstract_mined,,,abstract_mined,False,low,"At 3 months, the patient demonstrated improved glycemic control (hemoglobin A1c decreased from 7.2% to 5.9%) and improvement in newly documented mixed hyperlipidemia.",,,,PMID:41601941,%,False,True,False,False,False,False,False,,False,False,False,False
EUROPEPMC:41601941::body_fat::%,EUROPEPMC:41601941,EUROPEPMC:41601941,body_fat,abstract_directional_change,-6.1,,,missing,,,%,,,,,,,EUROPEPMC:41601941::arm:intervention,EUROPEPMC:41601941::arm:control,abstract_mined,,,abstract_mined,False,low,"At 6 months, testosterone levels normalized with replacement therapy, and the patient achieved modest weight reduction with favorable body composition changes: 13.2-lb decrease in fat mass, as well as a 6.1% reduction in body fat percentage and a 5.1-lb increase in skeletal muscle mass.",,,,PMID:41601941,%,False,True,False,False,False,False,False,,False,False,False,False
PMID:42169267::weight::%,PMID:42169267,PMID:42169267,weight,abstract_directional_change,-23.7,,,missing,,,%,,,,,,,PMID:42169267::arm:intervention,PMID:42169267::arm:control,abstract_mined,,,abstract_mined,False,low,"Compared to high-fat diet group, 8-week medium-dose RS1 intervention significantly reduced the body weight of the mice by 23.7% (p < 0.05), and reduced fat and liver mass, while also inhibiting the expression of pro-inflammatory factors TNF-α and IL-6.",,,,PMID:42169267,%,False,True,False,False,False,False,False,diet,False,False,False,False
EUROPEPMC:41594449::weight::%,EUROPEPMC:41594449,EUROPEPMC:41594449,weight,abstract_directional_change,200.0,,,missing,,,%,,,,,,,EUROPEPMC:41594449::arm:intervention,EUROPEPMC:41594449::arm:control,abstract_mined,,15.0,abstract_mined,False,low,"The study consisted of two, seven-week phases: weight gain (200% maintenance energy intake;",,,,PMID:41594449,%,False,True,False,False,False,False,False,,False,False,False,False
PMID:42060057::weight::%,PMID:42060057,PMID:42060057,weight,abstract_directional_change,-20.0,,,missing,,,%,,,,,,,PMID:42060057::arm:intervention,PMID:42060057::arm:control,abstract_mined,,,abstract_mined,False,low,"rhamnosus resulted in a 14.6% reduction in body weight gain and a 20% decrease in low-density lipoprotein cholesterol compared to the model group, paralleling the metabolic improvements observed with orlistat in this murine model.",,,,PMID:42060057,%,False,True,False,False,False,False,False,,False,False,False,False
EUROPEPMC:41568048::weight::%,EUROPEPMC:41568048,EUROPEPMC:41568048,weight,abstract_directional_change,-10.0,,,missing,,,%,,,,,,,EUROPEPMC:41568048::arm:intervention,EUROPEPMC:41568048::arm:control,abstract_mined,,,abstract_mined,False,low,"One strain, designated AKM Lab-01, demonstrated significant efficacy in reducing weight gain in a high-fat diet (HFD)-induced obese mouse model, with a 10% weight reduction observed after 4 weeks.",,,,PMID:41568048,%,False,True,False,False,False,False,False,diet,False,False,False,False
EUROPEPMC:41228562::glucose::%,EUROPEPMC:41228562,EUROPEPMC:41228562,glucose,abstract_directional_change,-39.0,,,missing,,,%,,,,,,,EUROPEPMC:41228562::arm:intervention,EUROPEPMC:41228562::arm:control,abstract_mined,,259.0,abstract_mined,False,low,"In a randomized controlled trial of 12 weeks (n = 259), a Mediterranean diet reduced hepatic steatosis by 39% and improved insulin sensitivity.",,,,PMID:41228562,%,False,True,False,False,False,False,False,diet,False,False,False,False
EUROPEPMC:41228562::lipid::%,EUROPEPMC:41228562,EUROPEPMC:41228562,lipid,abstract_directional_change,-8.0,,,missing,,,%,,,,,,,EUROPEPMC:41228562::arm:intervention,EUROPEPMC:41228562::arm:control,abstract_mined,,259.0,abstract_mined,False,low,Resistant starch supplementation (n = 200) lowered intrahepatic triglyceride content by 8% through gut microbiome modulation.,,,,PMID:41228562,%,False,True,False,False,False,False,False,,False,False,False,False
PMID:41365537::body_fat::%,PMID:41365537,PMID:41365537,body_fat,abstract_directional_change,-13.2,,,missing,,,%,,,,,,,PMID:41365537::arm:intervention,PMID:41365537::arm:control,abstract_mined,,,abstract_mined,False,low,CLB intervention reduced body weight gain by 13.20% and decreased fat mass (21.10 ± 2.24% vs.,,,,PMID:41365537,%,False,True,False,False,False,False,False,,False,False,False,False
PMID:40214965::glucose::%,PMID:40214965,PMID:40214965,glucose,abstract_directional_change,-1.06,,,missing,,,%,,,,,,,PMID:40214965::arm:intervention,PMID:40214965::arm:control,abstract_mined,,,abstract_mined,False,low,The intervention group showed greater reductions in HbA1c (- 1.06% vs.,,,,PMID:40214965,%,False,True,False,False,False,False,False,,False,False,False,False
PMID:41479657::body_fat::%,PMID:41479657,PMID:41479657,body_fat,abstract_directional_change,-0.26,0.117796234394054,0.0138759528374189,unclassified_standard_error,-0.4908806194123459,-0.029119380587654,%,,,,,,,PMID:41479657::arm:intervention,PMID:41479657::arm:control,abstract_mined,,66.0,abstract_mined,False,low,"However, body composition outcomes favored scFOS: fat mass decreased (medians: -0.26% vs +0.20%, p = 0.0273), lean mass increased (+0.27% vs -0.30%;",probiotic,microbial intervention,"Targeting gut microbiota with short-chain fructo-oligosaccharides prebiotic fibers to support metabolic health in overweight prediabetic adults: a randomized, double-blinded, placebo-controlled study.",PMID:41479657,%,True,True,False,True,False,False,False,,False,False,False,False
PMID:41479657::weight::kg,PMID:41479657,PMID:41479657,weight,abstract_directional_change,0.14,,,missing,,,kg,,,,,,,PMID:41479657::arm:intervention,PMID:41479657::arm:control,abstract_mined,,66.0,abstract_mined,False,low,Body weight remained stable with scFOS while it tended to increase with placebo (estimated means: +0.14 kg vs +0.70 kg;,probiotic,microbial intervention,"Targeting gut microbiota with short-chain fructo-oligosaccharides prebiotic fibers to support metabolic health in overweight prediabetic adults: a randomized, double-blinded, placebo-controlled study.",PMID:41479657,kg,True,True,False,False,False,False,False,,False,False,False,False
PMID:41861447::body_fat::%,PMID:41861447,PMID:41861447,body_fat,abstract_directional_change,-17.0,,,missing,,,%,,,,,,,PMID:41861447::arm:intervention,PMID:41861447::arm:control,abstract_mined,,,abstract_mined,False,low,"Reductions in CRP by 17 % (p = 0.03) were observed in the rye-group, while both CRP (r = 0.17, p = 0.001) and HOMA-IR (r = 0.13, p = 0.02) at baseline were associated with fat mass change in the wheat-group.",,,,PMID:41861447,%,False,True,False,False,False,False,False,,False,False,False,False
PMID:42044842::body_fat::%,PMID:42044842,PMID:42044842,body_fat,abstract_directional_change,-8.57,,,missing,,,%,,,,,,,PMID:42044842::arm:intervention,PMID:42044842::arm:control,abstract_mined,,,abstract_mined,False,low,"Relative liver fat fraction was markedly reduced following the LGI diet (8.57%).Observations in the LGI group coincided with changes in blood glycaemic biomarkers, including a significant reduction in HOMA-IR (-1.78, p = 0.043).",,,,PMID:42044842,%,False,True,False,False,False,False,False,diet,False,False,False,False
PMID:42044842::BMI::kg,PMID:42044842,PMID:42044842,BMI,abstract_directional_change,-1.2,,,missing,,,kg,,,,,,,PMID:42044842::arm:intervention,PMID:42044842::arm:control,abstract_mined,,,abstract_mined,False,low,"Additionally, the LGI diet resulted in significant reductions in body weight (-1.2 kg, p = 0.018) and body mass index (-0.38 kg/m2, p = 0.017), as well as increased pre-meal appetite scores during the middle of the diet period and decreased interleukin 6;",,,,PMID:42044842,kg,False,True,False,False,False,False,False,diet,False,False,False,False
EUROPEPMC:40400804::BMI::%,EUROPEPMC:40400804,EUROPEPMC:40400804,BMI,abstract_directional_change,-12.01,3.649871579847237,13.321562549376566,unclassified_standard_error,-19.163748296500582,-4.856251703499416,%,,,,,,,EUROPEPMC:40400804::arm:intervention,EUROPEPMC:40400804::arm:control,abstract_mined,,53.0,abstract_mined,False,low,"The probiotic-fiber blend formulation (n = 53) demonstrated statistically significant (p < 0.001) improvements compared to placebo (n = 51), including reductions in body weight (12.01%), BMI (12.14%), waist circumference (9.64%), and hip circumference (9.63%) compared to placebo.",probiotic,probiotic,"Impact of a Probiotic-Fiber Blend on Body Weight, Metabolic Regulation, and Digestive Function in Obese Adults: A Randomized, Placebo-Controlled, Multicentric Trial.",PMID:40400804,%,True,True,False,True,False,False,False,,False,False,False,False
EUROPEPMC:40400804::lipid::%,EUROPEPMC:40400804,EUROPEPMC:40400804,lipid,abstract_directional_change,-54.02,,,missing,,,%,,,,,,,EUROPEPMC:40400804::arm:intervention,EUROPEPMC:40400804::arm:control,abstract_mined,,53.0,abstract_mined,False,low,"Additionally, statistically significant reductions were observed in the MetS-Z score (54.02%), triglycerides (25.75%), and perceived stress (37.62%), along with a notable increase in HDL levels (16.55%).",probiotic,probiotic,"Impact of a Probiotic-Fiber Blend on Body Weight, Metabolic Regulation, and Digestive Function in Obese Adults: A Randomized, Placebo-Controlled, Multicentric Trial.",PMID:40400804,%,True,True,False,False,False,False,False,,False,False,False,False
PMID:37084470::BMI::%,PMID:37084470,PMID:37084470,BMI,abstract_directional_change,-50.0,,,missing,,,%,,,,,,,PMID:37084470::arm:intervention,PMID:37084470::arm:control,abstract_mined,,,abstract_mined,False,low,As main results we observed that ∼30% of the RCTs reported a significant decrease in body weight and body mass index (BMI) and ∼50% found a significant reduction in waist circumference and total fat mass.,probiotic,probiotic,Randomized controlled trials reporting the effects of probiotics in individuals with overweight and obesity: A critical review of the interventions and body adiposity parameters.,PMID:37084470,%,True,True,False,False,False,False,False,,False,False,False,False
PMID:35351144::BMI::kg/m2,PMID:35351144,PMID:35351144,BMI,abstract_directional_change,-1.6,,,missing,,,kg/m2,,,,,,,PMID:35351144::arm:intervention,PMID:35351144::arm:control,abstract_mined,,61.0,abstract_mined,False,low,"Obese subjects who increased PA during a 3 months intervention with inulin-enriched diet exhibited several clinical improvements such as reduced BMI (- 1.6 kg/m2), decreased liver enzymes and plasma cholesterol, and improved glucose tolerance.",probiotic,microbial intervention,Physical activity enhances the improvement of body mass index and metabolism by inulin: a multicenter randomized placebo-controlled trial performed in obese individuals.,PMID:35351144,kg/m2,True,True,False,False,False,False,False,diet,False,False,False,False
PMID:32615727::body_fat::kg,PMID:32615727,PMID:32615727,body_fat,abstract_directional_change,-0.2,0.0845444992700943,0.0071477723568309,unclassified_standard_error,-0.3657072185693849,-0.0342927814306151,kg,,,,,,,PMID:32615727::arm:intervention,PMID:32615727::arm:control,abstract_mined,,114.0,abstract_mined,False,low,"Body fat mass decreased by 0.2 kg in the CJLS03 group and increased by 0.6 kg in the placebo group (0.8 kg difference, P=0.018).",other,CJLS03,"Effect of Lactobacillus sakei, a Probiotic Derived from Kimchi, on Body Fat in Koreans with Obesity: A Randomized Controlled Study.",DOI:10.3803/EnM.2020.35.2.425,kg,False,True,False,True,False,False,False,,True,True,False,False
PMID:30659070::weight::%,PMID:30659070,PMID:30659070,weight,abstract_directional_change,32.5,,,missing,,,%,,,,,,,PMID:30659070::arm:intervention,PMID:30659070::arm:control,abstract_mined,,,abstract_mined,False,low,Excessive weight gain occurred in 32.5% of women in the probiotics arm (55 of 169) compared with 46% in the placebo arm (81 of 176) (P = 0.01).,,,,PMID:30659070,%,False,True,False,False,False,False,False,,False,False,False,False
PMID:31965834::BMI::%,PMID:31965834,PMID:31965834,BMI,abstract_directional_change,-95.0,,,missing,,,%,,,,,,,PMID:31965834::arm:intervention,PMID:31965834::arm:control,abstract_mined,,,abstract_mined,False,low,"A total of 71 subjects completed the scheduled study visits and analysis thereof showed that a 12-week UB0316 supplementation significantly reduced BMI (95% CI: -0.64, -0.27;",probiotic,probiotic UB0316,"Effect of multi-strain probiotic (UB0316) in weight management in overweight/obese adults: a 12-week double blind, randomised, placebo-controlled study.",PMID:31965834,%,True,True,False,False,False,False,False,,False,False,False,False
PMID:26956126::BMI::kg,PMID:26956126,PMID:26956126,BMI,abstract_directional_change,-0.45,,,missing,,,kg,,,,,,,PMID:26956126::arm:intervention,PMID:26956126::arm:control,abstract_mined,,,abstract_mined,False,low,"Heat-killed LP28 reduced BMI (0.45 kg/m(2), 95% CI (0.04, 0.86), P=0.035), body fat percentage (1.11%, (0.39, 1.82), P=0.002), body fat mass (1.17 kg (0.43, 1.92), P=0.004) and waist circumference (2.84 cm (0.74, 4.93), P=0.009) when compared with a placebo group.",probiotic,microbial intervention,"Antiobesity effect of Pediococcus pentosaceus LP28 on overweight subjects: a randomized, double-blind, placebo-controlled clinical trial.",PMID:26956126,kg,True,True,False,False,False,False,False,,False,False,False,False
PMID:24411490::BMI::kg,PMID:24411490,PMID:24411490,BMI,abstract_directional_change,25.0,,,missing,,,kg,,,,,,,PMID:24411490::arm:intervention,PMID:24411490::arm:control,abstract_mined,,,abstract_mined,False,low,"A randomized, double-blind, placebo controlled study was conducted, in which patients with higher BMI (>25 kg/m(2)) and waist circumference (>85 cm) were enrolled and randomly assigned to receive Bofutsushosan with either probiotics or placebo capsules for a period of eight weeks.",,,,PMID:24411490,kg,False,True,False,False,False,False,False,,False,False,False,False
PMID:40796902::lipid::%,PMID:40796902,PMID:40796902,lipid,abstract_directional_change,95.0,,,missing,,,%,,,,,,,PMID:40796902::arm:intervention,PMID:40796902::arm:control,abstract_mined,,,abstract_mined,False,low,A 1-point increase in the desire to drink Likert score was associated with a 62.5 mg/day increase in cholesterol intake post-intervention (95%CI: 16.6-108.4).,,,,PMID:40796902,%,False,True,False,False,False,False,False,,False,False,False,False
PMID:28008750::waist::%,PMID:28008750,PMID:28008750,waist,abstract_directional_change,-3.4,,,missing,,,%,,,,,,,PMID:28008750::arm:intervention,PMID:28008750::arm:control,abstract_mined,,21.0,abstract_mined,False,low,"In comparison with the dietary intervention group, the dietary intervention + probiotic mix group showed a greater reduction in the waist circumference (-3.40% vs.",,,,PMID:28008750,%,False,True,False,False,False,False,False,diet,False,False,False,False
PMID:40965226::waist::cm,PMID:40965226,PMID:40965226,waist,abstract_directional_change,-1.8,,,missing,,,cm,,,,,,,PMID:40965226::arm:intervention,PMID:40965226::arm:control,abstract_mined,,,abstract_mined,False,low,"While both groups showed significant (p < 0.05) improvements, the probiotic group showed greater reductions in waist circumference (-1.8 cm), fat mass (-1.8 kg;",,,,PMID:40965226,cm,False,True,False,False,False,False,False,,False,False,False,False
PMID:28596023::body_fat::%,PMID:28596023,PMID:28596023,body_fat,abstract_directional_change,-3.1,,,missing,,,%,,,,,,,PMID:28596023::arm:intervention,PMID:28596023::arm:control,abstract_mined,,22.0,abstract_mined,False,low,"After 16 weeks, children who consumed OI had significant decreases in body weight z-score (decrease of 3.1%), percent body fat (decrease of 2.4%), and percent trunk fat (decrease of 3.8%) compared with children given placebo (increase of 0.5%, increase of 0.05%, and decrease of 0.3%, respectively).",,,,PMID:28596023,%,False,True,False,False,False,False,False,,False,False,False,False
PMID:28596023::lipid::%,PMID:28596023,PMID:28596023,lipid,abstract_directional_change,-19.0,,,missing,,,%,,,,,,,PMID:28596023::arm:intervention,PMID:28596023::arm:control,abstract_mined,,22.0,abstract_mined,False,low,There was a significant decrease in serum triglycerides (decrease of 19%) in the OI group.,,,,PMID:28596023,%,False,True,False,False,False,False,False,,False,False,False,False
PMID:38498828::waist::kg,PMID:38498828,PMID:38498828,waist,abstract_directional_change,-0.64,,,missing,,,kg,,,,,,,PMID:38498828::arm:intervention,PMID:38498828::arm:control,abstract_mined,,,abstract_mined,False,low,"Bifidobacterium probiotics administration resulted in significant reductions in body fat mass (MD = -0.64 kg, 95% CI: -1.09, -0.18, p = 0.006), body fat percentage (MD = -0.64%, 95% CI: -1.18, -0.11, p = 0.02), waist circumference (MD = -1.39 cm, 95% CI: -1.99, -0.79, p < 0.00001), and visceral fat ",,,,PMID:38498828,kg,False,True,False,False,False,False,False,,False,False,False,False
PMID:36615904::weight::%,PMID:36615904,PMID:36615904,weight,abstract_directional_change,-7.0,,,missing,,,%,,,,,,,PMID:36615904::arm:intervention,PMID:36615904::arm:control,abstract_mined,,,abstract_mined,False,low,"Although both treatments decreased the HbA1c levels significantly, the gemigliptin−metformin group achieved HbA1c ≤ 7.0% without hypoglycemia or weight gain more effectively than did the glimepiride−metformin group (59% vs.",,,,PMID:36615904,%,False,True,False,False,False,False,False,,False,False,False,False
EUROPEPMC:40895298::weight::kg,EUROPEPMC:40895298,EUROPEPMC:40895298,weight,abstract_directional_change,-1.25,,,missing,,,kg,,,,,,,EUROPEPMC:40895298::arm:intervention,EUROPEPMC:40895298::arm:control,abstract_mined,,,abstract_mined,False,low,"Probiotic supplementation, especially multispecies formulations, initiated in the first trimester led to a mean reduction in gestational weight gain (GWG) of 1.25 kg (95% CI: -1.78 to -0.72 kg;",,,,PMID:40895298,kg,False,True,False,False,False,False,False,,False,False,False,False
EUROPEPMC:41002774::BMI::%,EUROPEPMC:41002774,EUROPEPMC:41002774,BMI,abstract_directional_change,-15.7,4.771272589808628,22.765042126259136,unclassified_standard_error,-25.05169427602491,-6.348305723975088,%,,,,,,,EUROPEPMC:41002774::arm:intervention,EUROPEPMC:41002774::arm:control,abstract_mined,,36.0,abstract_mined,False,low,"Results: Diet therapy led to significant reductions in BMI (-15.7%, p = 0.001), visceral fat (-17.3%, p = 0.001), triglycerides (-14.6%, p = 0.003), uric acid (-9.5%, p = 0.011), and C-reactive protein (CRP) (-21.4%, p = 0.007).",,,,PMID:41002774,%,False,True,False,True,False,False,False,Diet,False,False,False,False
PMID:26084343::glucose::%,PMID:26084343,PMID:26084343,glucose,abstract_directional_change,76.0,,,missing,,,%,,,,,,,PMID:26084343::arm:intervention,PMID:26084343::arm:control,abstract_mined,,,abstract_mined,False,low,"reuteri SD5865 increased glucose-stimulated GLP-1 and GLP-2 release by 76% (P < 0.01) and 43% (P < 0.01), respectively, compared with placebo, along with 49% higher insulin (P < 0.05) and 55% higher C-peptide secretion (P < 0.05).",,,,PMID:26084343,%,False,True,False,False,False,False,False,,False,False,False,False
EUROPEPMC:41126806::weight::%,EUROPEPMC:41126806,EUROPEPMC:41126806,weight,abstract_directional_change,-1.0,0.4608103009576308,0.2123461334686623,unclassified_standard_error,-1.9031881898769565,-0.0968118101230435,%,,,,,,,EUROPEPMC:41126806::arm:intervention,EUROPEPMC:41126806::arm:control,abstract_mined,,20.0,abstract_mined,False,low,"These ""responders"" (R) exhibited distinct baseline microbiome traits and experienced reductions in body weight (-1 %, p = 0.03) and diastolic blood pressure (-6 %, p = 0.049) compared to Non-responders (NR) to S.",probiotic,probiotic,Probiotic pasta consumption improves lipid metabolism and reduces gut permeability in overweight and obese adults: a randomized controlled trial.,PMID:41126806,%,True,True,False,True,False,False,False,,False,False,False,False
PMID:34358838::weight::kg,PMID:34358838,PMID:34358838,weight,abstract_directional_change,-0.7,,,missing,,,kg,,,,,,,PMID:34358838::arm:intervention,PMID:34358838::arm:control,abstract_mined,,1720.0,abstract_mined,False,low,Data pooling showed a significant effect of probiotics in reducing body weight (MD:-0.70 kg;,probiotic,probiotic,Effects of probiotics on body adiposity and cardiovascular risk markers in individuals with overweight and obesity: A systematic review and meta-analysis of randomized controlled trials.,PMID:34358838,kg,True,True,False,False,False,False,True,,False,False,False,False
PMID:39313030::weight::kg,PMID:39313030,PMID:39313030,weight,abstract_directional_change,-0.97,,,missing,,,kg,,,,,,,PMID:39313030::arm:intervention,PMID:39313030::arm:control,abstract_mined,,1184.0,abstract_mined,False,low,Chicory ITF significantly reduced body weight [mean difference (MD): -0.97 kg;,,,,PMID:39313030,kg,False,True,False,False,False,False,False,,False,False,False,False
PMID:39313030::BMI::kg/m2,PMID:39313030,PMID:39313030,BMI,abstract_directional_change,-0.39,,,missing,,,kg/m2,,,,,,,PMID:39313030::arm:intervention,PMID:39313030::arm:control,abstract_mined,,1184.0,abstract_mined,False,low,ITF favored overall effects reduction in BMI (MD: -0.39 kg/m2;,,,,PMID:39313030,kg/m2,False,True,False,False,False,False,False,,False,False,False,False
PMID:29661605::glucose::%,PMID:29661605,PMID:29661605,glucose,abstract_directional_change,-0.09,0.1031658113202362,0.0106431846253625,unclassified_standard_error,-0.292204990187663,0.112204990187663,%,,,,,,,PMID:29661605::arm:intervention,PMID:29661605::arm:control,abstract_mined,,22.0,abstract_mined,False,low,"With respect to our secondary outcomes, HbA1c insignificant decreased by 0.09% (p = 0.383) and 0.24% (p = 0.068) respectively in placebo and probiotics groups.",,,,PMID:29661605,%,False,True,False,True,False,False,False,,False,False,False,False
PMID:31886746::BMI::kg/m2,PMID:31886746,PMID:31886746,BMI,abstract_directional_change,-0.2,,,missing,,,kg/m2,,,,,,,PMID:31886746::arm:intervention,PMID:31886746::arm:control,abstract_mined,,,abstract_mined,False,low,"whereas no reductions in BMI (WMD, -0.20 kg/m2;",,,,PMID:31886746,kg/m2,False,True,False,False,False,False,False,,False,False,False,False
EUROPEPMC:38903852::BMI::%,EUROPEPMC:38903852,EUROPEPMC:38903852,BMI,abstract_directional_change,-66.6,,,missing,,,%,,,,,,,EUROPEPMC:38903852::arm:intervention,EUROPEPMC:38903852::arm:control,abstract_mined,,,abstract_mined,False,low,"The review showed that, although there is a lack of consensus in the literature, the use of probiotics in the absence of dieting produced a significant reduction in body weight and body mass index in 66.6% of the reviewed studies, a significant reduction in waist circumference in 80.0% of the review",,,,PMID:38903852,%,False,True,False,False,False,False,False,diet,False,False,False,False
PMID:39458486::glucose::%,PMID:39458486,PMID:39458486,glucose,abstract_directional_change,0.25,,,missing,,,%,,,,,,,PMID:39458486::arm:intervention,PMID:39458486::arm:control,abstract_mined,,,abstract_mined,False,low,p = 0.037) and a mild increase in HbA1c in the FMT group (+0.25%;,,,,PMID:39458486,%,False,True,False,False,False,False,False,,False,False,False,False
EUROPEPMC:36530587::weight::kg,EUROPEPMC:36530587,EUROPEPMC:36530587,weight,abstract_directional_change,-0.73,,,missing,,,kg,,,,,,,EUROPEPMC:36530587::arm:intervention,EUROPEPMC:36530587::arm:control,abstract_mined,,11.0,abstract_mined,False,low,"Compared with dietary or dietary and exercise interventions only, probiotics resulted in reductions in body weight (MD: -0.73 kg;",synbiotic,synbiotic,Microbiome-Targeted Therapies as an Adjunct to Traditional Weight Loss Interventions: A Systematic Review and Meta-Analysis.,PMID:36530587,kg,True,True,False,False,False,False,True,diet; exercise,True,True,False,False
EUROPEPMC:36530587::body_fat::kg,EUROPEPMC:36530587,EUROPEPMC:36530587,body_fat,abstract_directional_change,-1.53,0.6778521893407409,0.4594835905940356,unclassified_standard_error,-2.858590291107852,-0.201409708892148,kg,,,,,,,EUROPEPMC:36530587::arm:intervention,EUROPEPMC:36530587::arm:control,abstract_mined,,11.0,abstract_mined,False,low,"95% CI: -0.99 to -0.07, p=0.024) while synbiotics resulted in reductions in fat mass (MD: -1.53 kg;",synbiotic,synbiotic,Microbiome-Targeted Therapies as an Adjunct to Traditional Weight Loss Interventions: A Systematic Review and Meta-Analysis.,PMID:36530587,kg,True,True,False,True,False,False,True,,True,True,False,False
EUROPEPMC:41003008::lipid::%,EUROPEPMC:41003008,EUROPEPMC:41003008,lipid,abstract_directional_change,-30.0,,,missing,,,%,,,,,,,EUROPEPMC:41003008::arm:intervention,EUROPEPMC:41003008::arm:control,abstract_mined,,,abstract_mined,False,low,omega-3 fatty acids (fish oil) reduce triglycerides by ~25-30% and inflammation;,,,,PMID:41003008,%,False,True,False,False,False,False,False,,True,True,False,False
EUROPEPMC:41168307::body_fat::%,EUROPEPMC:41168307,EUROPEPMC:41168307,body_fat,abstract_directional_change,66.4,,,missing,,,%,,,,,,,EUROPEPMC:41168307::arm:intervention,EUROPEPMC:41168307::arm:control,abstract_mined,,,abstract_mined,False,low,"plantarum M10 to HCD animals for 12 weeks attenuated gain in body mass (66.40%), adiposity index, serum lipid levels, glucose tolerance, liver function, oxidative stress markers, and enhanced the levels of antioxidant.",,,,PMID:41168307,%,False,True,False,False,False,False,False,,False,False,False,False
PMID:32844188::weight::%,PMID:32844188,PMID:32844188,weight,abstract_directional_change,29.0,,,missing,,,%,,,,,,,PMID:32844188::arm:intervention,PMID:32844188::arm:control,abstract_mined,,33.0,abstract_mined,False,low,"Participants lost on average 14 kg by W9, followed by weight stabilization at W13, and regained 29% of their initial weight loss at 1Y.",,,,PMID:32844188,%,False,True,False,False,False,False,False,,False,False,False,False
PMID:32985001::body_fat::kg,PMID:32985001,PMID:32985001,body_fat,abstract_directional_change,7.44,,,missing,,,kg,,,,,,,PMID:32985001::arm:intervention,PMID:32985001::arm:control,abstract_mined,,,abstract_mined,False,low,"Moreover, the fat mass, fat rate, and visceral fat were decreased by 6.48, 7.19, 6.3 kg after FBWN intervention, respectively, while muscle mass and basal metabolic rate rose 7.44 kg and 252.60 kcal.",,,,PMID:32985001,kg,False,True,False,False,False,False,False,,False,False,False,False
PMID:40598275::glucose::%,PMID:40598275,PMID:40598275,glucose,abstract_directional_change,-72.0,,,missing,,,%,,,,,,,PMID:40598275::arm:intervention,PMID:40598275::arm:control,abstract_mined,,,abstract_mined,False,low,"Inulin also reduced the abundance of Ruminococcus by 72.0% (from 1.661% ± 1.501% to 0.465% ± 0.594%), positively correlating with improved glycemic outcomes.",probiotic,microbial intervention,"Differential effects of inulin and fructooligosaccharides on gut microbiota composition and glycemic metabolism in overweight/obese and healthy individuals: a randomized, double-blind clinical trial.",PMID:40598275,%,True,True,False,False,False,False,False,,False,False,False,False
EUROPEPMC:41494682::body_fat::%,EUROPEPMC:41494682,EUROPEPMC:41494682,body_fat,abstract_directional_change,-2.32,,,missing,,,%,,,,,,,EUROPEPMC:41494682::arm:intervention,EUROPEPMC:41494682::arm:control,abstract_mined,,,abstract_mined,False,low,"The FY+RT group showed the greatest preservation of muscle mass, with the smallest reductions in fat-free mass percentage (-2.32%, P=0.001) and skeletal muscle mass (-1.34 kg, P<0.001).",,,,PMID:41494682,%,False,True,False,False,False,False,False,,False,False,False,False
EUROPEPMC:40951500::BMI::kg/m2,EUROPEPMC:40951500,EUROPEPMC:40951500,BMI,abstract_directional_change,-0.4,,,missing,,,kg/m2,,,,,,,EUROPEPMC:40951500::arm:intervention,EUROPEPMC:40951500::arm:control,abstract_mined,,,abstract_mined,False,low,Significant reductions were observed in BMI (mean difference (MD): -0.40 kg/m2;,probiotic,probiotic,Probiotic,PMID:40951500,kg/m2,True,True,False,False,False,False,False,,True,True,False,False
PMID:30595036::weight::kg,PMID:30595036,PMID:30595036,weight,abstract_directional_change,-0.8,,,missing,,,kg,,,,,,,PMID:30595036::arm:intervention,PMID:30595036::arm:control,abstract_mined,,,abstract_mined,False,low,The present meta-analysis of 23 randomized trials indicated that supplementation with synbiotic can decrease body weight (WMD: -0.80 kg;,,,,PMID:30595036,kg,False,True,False,False,False,False,False,,False,False,False,False
PMID:39340527::BMI::kg/m2,PMID:39340527,PMID:39340527,BMI,abstract_directional_change,-2.13,,,missing,,,kg/m2,,,,,,,PMID:39340527::arm:intervention,PMID:39340527::arm:control,abstract_mined,,,abstract_mined,False,low,"Multiple-strain probiotics (MSP) showed significant efficacy in reducing BMI (Mean Difference (MD) -2.13 kg/m2, 95% credible interval (CrI) [-2.7, -1.57]), waist circumference (MD -1.34 cm, 95% CrI [-2.33, -0.35]), total cholesterol (MD -6.55 mg/dL, 95% CrI [-10.61, -2.45]), triglycerides (MD -3.71 ",synbiotic,synbiotic,"Effects of probiotics, prebiotics, and synbiotics on cardiometabolic risk factors in children and adolescents with overweight or obesity: a systematic review and Bayesian network meta-analysis.",PMID:39340527,kg/m2,True,True,False,False,False,False,True,,False,False,False,False
PMID:38068829::lipid::%,PMID:38068829,PMID:38068829,lipid,abstract_directional_change,4.02,,,missing,,,%,,,,,,,PMID:38068829::arm:intervention,PMID:38068829::arm:control,abstract_mined,,,abstract_mined,False,low,"In addition, the fecal lipid content of mice in the L group reached 5.89%, which was significantly higher than that of the DM group at 4.02% (p < 0.05).",,,,PMID:38068829,%,False,True,False,False,False,False,False,,False,False,False,False
EUROPEPMC:41133047::weight::%,EUROPEPMC:41133047,EUROPEPMC:41133047,weight,abstract_directional_change,-31.0,,,missing,,,%,,,,,,,EUROPEPMC:41133047::arm:intervention,EUROPEPMC:41133047::arm:control,abstract_mined,,,abstract_mined,False,low,"Prebiotic therapies showed significant decreases in fasting glucose in overweight people, and insulin levels and HOMA-IR in patients with metabolic syndrome, enhanced anti-inflammatory effects (31% C-reactive protein (CRP) reduction, decreased interleukin (IL)-6, tumor necrosis factor-alpha (TNF)-α,",,,,PMID:41133047,%,False,True,False,False,False,False,False,,False,False,False,False
PMID:36530587::weight::kg,PMID:36530587,PMID:36530587,weight,abstract_directional_change,-0.73,,,missing,,,kg,,,,,,,PMID:36530587::arm:intervention,PMID:36530587::arm:control,abstract_mined,,11.0,abstract_mined,False,low,"Compared with dietary or dietary and exercise interventions only, probiotics resulted in reductions in body weight (MD: -0.73 kg;",synbiotic,synbiotic,Microbiome-Targeted Therapies as an Adjunct to Traditional Weight Loss Interventions: A Systematic Review and Meta-Analysis.,PMID:36530587,kg,True,True,False,False,False,False,True,diet; exercise,True,True,False,False
PMID:36530587::body_fat::kg,PMID:36530587,PMID:36530587,body_fat,abstract_directional_change,-1.53,0.6778521893407409,0.4594835905940356,unclassified_standard_error,-2.858590291107852,-0.201409708892148,kg,,,,,,,PMID:36530587::arm:intervention,PMID:36530587::arm:control,abstract_mined,,11.0,abstract_mined,False,low,"95% CI: -0.99 to -0.07, p=0.024) while synbiotics resulted in reductions in fat mass (MD: -1.53 kg;",synbiotic,synbiotic,Microbiome-Targeted Therapies as an Adjunct to Traditional Weight Loss Interventions: A Systematic Review and Meta-Analysis.,PMID:36530587,kg,True,True,False,True,False,False,True,,True,True,False,False
PMID:33459204::BMI::%,PMID:33459204,PMID:33459204,BMI,abstract_directional_change,-60.87,,,missing,,,%,,,,,,,PMID:33459204::arm:intervention,PMID:33459204::arm:control,abstract_mined,,,abstract_mined,False,low,"The role of probiotics in reducing body mass index and weight as well as changing the visceral abdominal fat area, waist and hip circumference were shown in 14 of 23 trials (60.87%);",,,,PMID:33459204,%,False,True,False,False,False,False,False,,False,False,False,False
PMID:42116498::glucose::%,PMID:42116498,PMID:42116498,glucose,abstract_directional_change,-9.45,,,missing,,,%,,,,,,,PMID:42116498::arm:intervention,PMID:42116498::arm:control,abstract_mined,,,abstract_mined,False,low,"Compared with the control condition, early HFNT led to greater reductions in HbA1c [-9.45% (-18.04, -4.63) vs 1.44% (-7.73, 3.08);",,,,PMID:42116498,%,False,True,False,False,False,False,False,,False,False,False,False
PMID:40642833::weight::%,PMID:40642833,PMID:40642833,weight,abstract_directional_change,-95.0,,,missing,,,%,,,,,,,PMID:40642833::arm:intervention,PMID:40642833::arm:control,abstract_mined,,,abstract_mined,False,low,"After these adjustments, mean weight reductions at 56 weeks (95% CI) were observed for semaglutide, phentermine-topiramate (PT), sibutramine, probiotics, orlistat, metformin and GLP-1 receptor agonists such as liraglutide, exenatide and dulaglutide, with losses of 12.55 (10.17-16.19), 10.16 (8.06-12",,,,PMID:40642833,%,False,True,False,False,False,False,False,,False,False,False,False
PMID:41003008::lipid::%,PMID:41003008,PMID:41003008,lipid,abstract_directional_change,-30.0,,,missing,,,%,,,,,,,PMID:41003008::arm:intervention,PMID:41003008::arm:control,abstract_mined,,,abstract_mined,False,low,omega-3 fatty acids (fish oil) reduce triglycerides by ~25-30% and inflammation;,,,,PMID:41003008,%,False,True,False,False,False,False,False,,True,True,False,False
PMID:38030409::weight::kg,PMID:38030409,PMID:38030409,weight,abstract_directional_change,-0.91,,,missing,,,kg,,,,,,,PMID:38030409::arm:intervention,PMID:38030409::arm:control,abstract_mined,,,abstract_mined,False,low,Probiotics or synbiotics intake led to a significant decrease in body weight (weighted mean difference [WMD]: -0.91 kg;,synbiotic,synbiotic,Beneficial effects of the probiotics and synbiotics supplementation on anthropometric indices and body composition in adults: A systematic review and meta-analysis.,PMID:38030409,kg,True,True,False,False,False,False,True,,False,False,False,False
PMID:34434546::BMI::kg,PMID:34434546,PMID:34434546,BMI,abstract_directional_change,3.38,,,missing,,,kg,,,,,,,PMID:34434546::arm:intervention,PMID:34434546::arm:control,abstract_mined,,,abstract_mined,False,low,"There were no significant change of body weight and BMI after 8 weeks synbiotics supplementation and 4 weeks after supplement discontinuation, but there were significant increases in body weight by 3.38 kg and BMI by 1.37 kg/m2 in the control group.",,,,PMID:34434546,kg,False,True,False,False,False,False,False,,False,False,False,False
PMID:35807808::weight::kg,PMID:35807808,PMID:35807808,weight,abstract_directional_change,-1.25,,,missing,,,kg,,,,,,,PMID:35807808::arm:intervention,PMID:35807808::arm:control,abstract_mined,,,abstract_mined,False,low,"The participants with dietary fibre supplementation showed a significantly higher reduction in body weight (MD -1.25 kg, 95% CI -2.24, -0.25;",,,,PMID:35807808,kg,False,True,False,False,False,False,False,diet,False,False,False,False
PMID:30924853::waist::cm,PMID:30924853,PMID:30924853,waist,abstract_directional_change,-0.82,,,missing,,,cm,,,,,,,PMID:30924853::arm:intervention,PMID:30924853::arm:control,abstract_mined,,,abstract_mined,False,low,"Oral supplementation with probiotics or synbiotics reduced mean waist circumference compared with control (MD, -0.82 cm;",,,,PMID:30924853,cm,False,True,False,False,False,False,False,,False,False,False,False
PMID:40951500::BMI::kg/m2,PMID:40951500,PMID:40951500,BMI,abstract_directional_change,-0.4,,,missing,,,kg/m2,,,,,,,PMID:40951500::arm:intervention,PMID:40951500::arm:control,abstract_mined,,,abstract_mined,False,low,Significant reductions were observed in BMI (mean difference (MD): -0.40 kg/m2;,,,,PMID:40951500,kg/m2,False,True,False,False,False,False,False,,True,True,False,False
