combination_id,formulation_blocks,strains,total_strain_count,target_population,source_strain_ids,evidence_summary,evidence_doi_list,evidence_pmid_list,safety_gate,functional_modules,clinical_evidence_score,combination_design_score,synergy_score,split_evidence_penalty,original_formulation_recovery_score,complementarity_score,microbiome_matching_score,predicted_response_score,literature_evidence_score,ranking_type,hypothesis_priority,safety_eligible_for_validation,validation_priority,recommended_prebiotic,notes,predicted_response_probability,response_model_level,response_model_source,response_model_pmids_used
MR3TO5_001,FORM_BB536_MCC1274; FORM_LF_K7_K8_K11,Lactobacillus fermentum K7; Lactobacillus fermentum K8; Lactobacillus fermentum K11; Bifidobacterium longum BB536; Bifidobacterium breve MCC1274,5,overweight/obesity; visceral fat accumulation; lipid-risk subgroup,LF_K7; LF_K8; LF_K11; BL_BB536; BB_MCC1274,5-strain recombined candidate; combination evidence is discounted unless original tested companions are retained; PMIDs 37447365; 38542727,,37447365; 38542727,pending_genome_safety_gate,BMI; SCFA_network; barrier; bifidobacterium_niche; body_fat; carbohydrate_utilization; lipid; visceral_fat; waist; weight,5.40,9.21,9.70,0.00,10.00,8.00,10.00,,5.40,preclinical_hypothesis_not_response_probability,7.49,no,,acacia gum optional; probiotic arm strongest without synbiotic advantage; inulin/FOS optional,"Recombination allowed: split members carry discounted evidence; synergy favors complementary functions, cross-feeding, fiber response, and retained tested companions. Genome AMR/virulence/MGE safety gate still required.",,no_matching_model_evidence,,
MR3TO5_002,FORM_B420_LU; FORM_IDCC4301; FORM_LF_K7_K8_K11,Lactobacillus fermentum K7; Lactobacillus fermentum K8; Lactobacillus fermentum K11; Bifidobacterium lactis IDCC 4301; Bifidobacterium animalis subsp. lactis B420,5,overweight/obesity; lipid-risk subgroup,LF_K7; LF_K8; LF_K11; BL_IDCC4301; BL_B420,5-strain recombined candidate; combination evidence is discounted unless original tested companions are retained; PMIDs 27810310; 37447365; 39051504,,27810310; 37447365; 39051504,pending_genome_safety_gate,BMI; SCFA_network; barrier; bifidobacterium_niche; body_fat; carbohydrate_utilization; fiber_response; lipid; waist; weight,5.66,8.78,9.00,0.00,7.50,9.00,10.00,,5.66,preclinical_hypothesis_not_response_probability,7.38,no,,acacia gum optional; probiotic arm strongest without synbiotic advantage; inulin/FOS optional; polydextrose/Litesse Ultra,"Recombination allowed: split members carry discounted evidence; synergy favors complementary functions, cross-feeding, fiber response, and retained tested companions. Genome AMR/virulence/MGE safety gate still required.",,no_matching_model_evidence,,
MR3TO5_003,FORM_BBR60; FORM_IDCC4301; FORM_LF_K7_K8_K11,Lactobacillus fermentum K7; Lactobacillus fermentum K8; Lactobacillus fermentum K11; Bifidobacterium lactis IDCC 4301; Bifidobacterium breve BBr60,5,overweight/obesity; lipid-risk subgroup; glucose-risk subgroup,LF_K7; LF_K8; LF_K11; BL_IDCC4301; BB_BBr60,5-strain recombined candidate; combination evidence is discounted unless original tested companions are retained; PMIDs 37447365; 39051504; 39456659,,37447365; 39051504; 39456659,pending_genome_safety_gate,BMI; SCFA_network; amino_acid_metabolism; bifidobacterium_niche; body_fat; carbohydrate_utilization; glucose; lipid; waist; weight,5.80,8.41,8.30,0.00,7.50,8.00,10.00,,5.80,preclinical_hypothesis_not_response_probability,7.24,no,,acacia gum optional; probiotic arm strongest without synbiotic advantage; inulin/FOS optional,"Recombination allowed: split members carry discounted evidence; synergy favors complementary functions, cross-feeding, fiber response, and retained tested companions. Genome AMR/virulence/MGE safety gate still required.",,no_matching_model_evidence,,
MR3TO5_004,FORM_B420_LU; FORM_BBR60; FORM_LF_K7_K8_K11,Lactobacillus fermentum K7; Lactobacillus fermentum K8; Lactobacillus fermentum K11; Bifidobacterium animalis subsp. lactis B420; Bifidobacterium breve BBr60,5,overweight/obesity; glucose-risk subgroup,LF_K7; LF_K8; LF_K11; BL_B420; BB_BBr60,5-strain recombined candidate; combination evidence is discounted unless original tested companions are retained; PMIDs 27810310; 37447365; 39456659,,27810310; 37447365; 39456659,pending_genome_safety_gate,BMI; SCFA_network; amino_acid_metabolism; barrier; bifidobacterium_niche; body_fat; carbohydrate_utilization; fiber_response; glucose; waist; weight,5.42,8.71,8.80,0.00,7.50,9.00,10.00,,5.42,preclinical_hypothesis_not_response_probability,7.23,no,,acacia gum optional; probiotic arm strongest without synbiotic advantage; inulin/FOS optional; polydextrose/Litesse Ultra,"Recombination allowed: split members carry discounted evidence; synergy favors complementary functions, cross-feeding, fiber response, and retained tested companions. Genome AMR/virulence/MGE safety gate still required.",,no_matching_model_evidence,,
MR3TO5_005,FORM_BBR60; FORM_LF_K7_K8_K11,Lactobacillus fermentum K7; Lactobacillus fermentum K8; Lactobacillus fermentum K11; Bifidobacterium breve BBr60,4,overweight/obesity; glucose-risk subgroup,LF_K7; LF_K8; LF_K11; BB_BBr60,4-strain recombined candidate; combination evidence is discounted unless original tested companions are retained; PMIDs 37447365; 39456659,,37447365; 39456659,pending_genome_safety_gate,BMI; SCFA_network; amino_acid_metabolism; bifidobacterium_niche; body_fat; carbohydrate_utilization; glucose; waist; weight,5.97,8.12,7.30,0.00,7.50,8.00,10.00,,5.97,preclinical_hypothesis_not_response_probability,7.15,no,,acacia gum optional; probiotic arm strongest without synbiotic advantage; inulin/FOS optional,"Recombination allowed: split members carry discounted evidence; synergy favors complementary functions, cross-feeding, fiber response, and retained tested companions. Genome AMR/virulence/MGE safety gate still required.",,no_matching_model_evidence,,
MR3TO5_006,FORM_IDCC4301; FORM_LF_K7_K8_K11,Lactobacillus fermentum K7; Lactobacillus fermentum K8; Lactobacillus fermentum K11; Bifidobacterium lactis IDCC 4301,4,overweight/obesity; lipid-risk subgroup,LF_K7; LF_K8; LF_K11; BL_IDCC4301,4-strain recombined candidate; combination evidence is discounted unless original tested companions are retained; PMIDs 37447365; 39051504,,37447365; 39051504,pending_genome_safety_gate,BMI; SCFA_network; bifidobacterium_niche; body_fat; carbohydrate_utilization; lipid; waist; weight,6.28,7.82,7.50,0.00,7.50,7.00,10.00,,6.28,preclinical_hypothesis_not_response_probability,7.13,no,,acacia gum optional; probiotic arm strongest without synbiotic advantage; inulin/FOS optional,"Recombination allowed: split members carry discounted evidence; synergy favors complementary functions, cross-feeding, fiber response, and retained tested companions. Genome AMR/virulence/MGE safety gate still required.",,no_matching_model_evidence,,
MR3TO5_007,FORM_BB536_MCC1274; FORM_BBR60; FORM_LF_K7_K8_K11,Lactobacillus fermentum K7; Lactobacillus fermentum K8; Lactobacillus fermentum K11; Bifidobacterium longum BB536; Bifidobacterium breve BBr60,5,overweight/obesity; visceral fat accumulation; lipid-risk subgroup; glucose-risk subgroup,LF_K7; LF_K8; LF_K11; BL_BB536; BB_BBr60,5-strain recombined candidate; combination evidence is discounted unless original tested companions are retained; PMIDs 37447365; 38542727; 39456659,,37447365; 38542727; 39456659,pending_genome_safety_gate,BMI; SCFA_network; amino_acid_metabolism; barrier; bifidobacterium_niche; body_fat; carbohydrate_utilization; glucose; lipid; visceral_fat; waist; weight,5.07,8.77,9.80,0.45,7.50,9.00,10.00,,5.07,preclinical_hypothesis_not_response_probability,7.10,no,,acacia gum optional; probiotic arm strongest without synbiotic advantage; inulin/FOS optional,"Recombination allowed: split members carry discounted evidence; synergy favors complementary functions, cross-feeding, fiber response, and retained tested companions. Genome AMR/virulence/MGE safety gate still required.",,no_matching_model_evidence,,
MR3TO5_008,FORM_BB536_MCC1274; FORM_BBR60; FORM_LF_K7_K8_K11,Lactobacillus fermentum K7; Lactobacillus fermentum K8; Lactobacillus fermentum K11; Bifidobacterium breve MCC1274; Bifidobacterium breve BBr60,5,overweight/obesity; visceral fat accumulation; lipid-risk subgroup; glucose-risk subgroup,LF_K7; LF_K8; LF_K11; BB_MCC1274; BB_BBr60,5-strain recombined candidate; combination evidence is discounted unless original tested companions are retained; PMIDs 37447365; 38542727; 39456659,,37447365; 38542727; 39456659,pending_genome_safety_gate,BMI; SCFA_network; amino_acid_metabolism; barrier; bifidobacterium_niche; body_fat; carbohydrate_utilization; glucose; lipid; visceral_fat; waist; weight,5.07,8.77,9.80,0.45,7.50,9.00,10.00,,5.07,preclinical_hypothesis_not_response_probability,7.10,no,,acacia gum optional; probiotic arm strongest without synbiotic advantage; inulin/FOS optional,"Recombination allowed: split members carry discounted evidence; synergy favors complementary functions, cross-feeding, fiber response, and retained tested companions. Genome AMR/virulence/MGE safety gate still required.",,no_matching_model_evidence,,
MR3TO5_009,FORM_BBR60; FORM_BC99; FORM_LF_K7_K8_K11,Lactobacillus fermentum K7; Lactobacillus fermentum K8; Lactobacillus fermentum K11; Bifidobacterium breve BBr60; Bacillus coagulans BC99,5,overweight/obesity; glucose-risk subgroup,LF_K7; LF_K8; LF_K11; BB_BBr60; BC_BC99,5-strain recombined candidate; combination evidence is discounted unless original tested companions are retained; PMIDs 37447365; 39456659; 40416368,,37447365; 39456659; 40416368,pending_genome_safety_gate,BMI; SCFA_network; amino_acid_metabolism; bifidobacterium_niche; body_fat; carbohydrate_utilization; glucose; microbiome_shift; spore_former; waist; weight; weight_subgroup,5.08,8.64,7.30,0.00,7.50,9.50,10.00,,5.08,preclinical_hypothesis_not_response_probability,7.04,no,,acacia gum optional; probiotic arm strongest without synbiotic advantage; inulin/FOS optional; none specified,"Recombination allowed: split members carry discounted evidence; synergy favors complementary functions, cross-feeding, fiber response, and retained tested companions. Genome AMR/virulence/MGE safety gate still required.",,no_matching_model_evidence,,
MR3TO5_010,FORM_BBR60; FORM_BN202M; FORM_LF_K7_K8_K11,Lactobacillus fermentum K7; Lactobacillus fermentum K8; Lactobacillus fermentum K11; Bifidobacterium breve BBr60; Lacticaseibacillus paracasei BEPC22,5,overweight/obesity; lipid-risk subgroup; glucose-risk subgroup,LF_K7; LF_K8; LF_K11; BB_BBr60; LP_BEPC22,5-strain recombined candidate; combination evidence is discounted unless original tested companions are retained; PMIDs 37447365; 38999741; 39456659,,37447365; 38999741; 39456659,pending_genome_safety_gate,BMI; SCFA_network; amino_acid_metabolism; bifidobacterium_niche; body_fat; carbohydrate_utilization; cross_feeding; glucose; lipid_metabolism; waist; weight,5.01,8.64,8.80,0.45,7.50,9.50,10.00,,5.01,preclinical_hypothesis_not_response_probability,7.01,no,,FOS/GOS optional; acacia gum optional; probiotic arm strongest without synbiotic advantage; inulin/FOS optional,"Recombination allowed: split members carry discounted evidence; synergy favors complementary functions, cross-feeding, fiber response, and retained tested companions. Genome AMR/virulence/MGE safety gate still required.",,no_matching_model_evidence,,
MR3TO5_011,FORM_BBR60; FORM_BN202M; FORM_LF_K7_K8_K11,Lactobacillus fermentum K7; Lactobacillus fermentum K8; Lactobacillus fermentum K11; Bifidobacterium breve BBr60; Lactiplantibacillus plantarum BELP53,5,overweight/obesity; lipid-risk subgroup; glucose-risk subgroup,LF_K7; LF_K8; LF_K11; BB_BBr60; LPL_BELP53,5-strain recombined candidate; combination evidence is discounted unless original tested companions are retained; PMIDs 37447365; 38999741; 39456659,,37447365; 38999741; 39456659,pending_genome_safety_gate,BMI; SCFA_network; amino_acid_metabolism; bifidobacterium_niche; body_fat; carbohydrate_utilization; cross_feeding; glucose; lipid_metabolism; waist; weight,5.01,8.64,8.80,0.45,7.50,9.50,10.00,,5.01,preclinical_hypothesis_not_response_probability,7.01,no,,FOS/GOS optional; acacia gum optional; probiotic arm strongest without synbiotic advantage; inulin/FOS optional,"Recombination allowed: split members carry discounted evidence; synergy favors complementary functions, cross-feeding, fiber response, and retained tested companions. Genome AMR/virulence/MGE safety gate still required.",,no_matching_model_evidence,,
MR3TO5_012,FORM_BC99; FORM_IDCC4301; FORM_LF_K7_K8_K11,Lactobacillus fermentum K7; Lactobacillus fermentum K8; Lactobacillus fermentum K11; Bifidobacterium lactis IDCC 4301; Bacillus coagulans BC99,5,overweight/obesity; lipid-risk subgroup,LF_K7; LF_K8; LF_K11; BL_IDCC4301; BC_BC99,5-strain recombined candidate; combination evidence is discounted unless original tested companions are retained; PMIDs 37447365; 39051504; 40416368,,37447365; 39051504; 40416368,pending_genome_safety_gate,BMI; SCFA_network; bifidobacterium_niche; body_fat; carbohydrate_utilization; lipid; microbiome_shift; spore_former; waist; weight; weight_subgroup,5.32,8.35,7.50,0.00,7.50,8.50,10.00,,5.32,preclinical_hypothesis_not_response_probability,6.99,no,,acacia gum optional; probiotic arm strongest without synbiotic advantage; inulin/FOS optional; none specified,"Recombination allowed: split members carry discounted evidence; synergy favors complementary functions, cross-feeding, fiber response, and retained tested companions. Genome AMR/virulence/MGE safety gate still required.",,no_matching_model_evidence,,
MR3TO5_013,FORM_BN202M; FORM_IDCC4301; FORM_LF_K7_K8_K11,Lactobacillus fermentum K7; Lactobacillus fermentum K8; Lactobacillus fermentum K11; Bifidobacterium lactis IDCC 4301; Lacticaseibacillus paracasei BEPC22,5,overweight/obesity; lipid-risk subgroup,LF_K7; LF_K8; LF_K11; BL_IDCC4301; LP_BEPC22,5-strain recombined candidate; combination evidence is discounted unless original tested companions are retained; PMIDs 37447365; 38999741; 39051504,,37447365; 38999741; 39051504,pending_genome_safety_gate,BMI; SCFA_network; bifidobacterium_niche; body_fat; carbohydrate_utilization; cross_feeding; lipid; lipid_metabolism; waist; weight,5.26,8.35,9.00,0.45,7.50,8.50,10.00,,5.26,preclinical_hypothesis_not_response_probability,6.96,no,,FOS/GOS optional; acacia gum optional; probiotic arm strongest without synbiotic advantage; inulin/FOS optional,"Recombination allowed: split members carry discounted evidence; synergy favors complementary functions, cross-feeding, fiber response, and retained tested companions. Genome AMR/virulence/MGE safety gate still required.",,no_matching_model_evidence,,
MR3TO5_014,FORM_BN202M; FORM_IDCC4301; FORM_LF_K7_K8_K11,Lactobacillus fermentum K7; Lactobacillus fermentum K8; Lactobacillus fermentum K11; Bifidobacterium lactis IDCC 4301; Lactiplantibacillus plantarum BELP53,5,overweight/obesity; lipid-risk subgroup,LF_K7; LF_K8; LF_K11; BL_IDCC4301; LPL_BELP53,5-strain recombined candidate; combination evidence is discounted unless original tested companions are retained; PMIDs 37447365; 38999741; 39051504,,37447365; 38999741; 39051504,pending_genome_safety_gate,BMI; SCFA_network; bifidobacterium_niche; body_fat; carbohydrate_utilization; cross_feeding; lipid; lipid_metabolism; waist; weight,5.26,8.35,9.00,0.45,7.50,8.50,10.00,,5.26,preclinical_hypothesis_not_response_probability,6.96,no,,FOS/GOS optional; acacia gum optional; probiotic arm strongest without synbiotic advantage; inulin/FOS optional,"Recombination allowed: split members carry discounted evidence; synergy favors complementary functions, cross-feeding, fiber response, and retained tested companions. Genome AMR/virulence/MGE safety gate still required.",,no_matching_model_evidence,,
MR3TO5_015,FORM_BB536_MCC1274; FORM_BN202M; FORM_IDCC4301,Bifidobacterium lactis IDCC 4301; Bifidobacterium longum BB536; Bifidobacterium breve MCC1274; Lacticaseibacillus paracasei BEPC22; Lactiplantibacillus plantarum BELP53,5,overweight/obesity; visceral fat accumulation; lipid-risk subgroup,BL_IDCC4301; BL_BB536; BB_MCC1274; LP_BEPC22; LPL_BELP53,5-strain recombined candidate; combination evidence is discounted unless original tested companions are retained; PMIDs 38542727; 38999741; 39051504,,38542727; 38999741; 39051504,pending_genome_safety_gate,SCFA_network; barrier; bifidobacterium_niche; body_fat; carbohydrate_utilization; cross_feeding; lipid; lipid_metabolism; visceral_fat,3.55,9.73,9.70,0.00,10.00,9.50,10.00,,3.55,preclinical_hypothesis_not_response_probability,6.95,no,,FOS/GOS optional; inulin/FOS optional,"Recombination allowed: split members carry discounted evidence; synergy favors complementary functions, cross-feeding, fiber response, and retained tested companions. Genome AMR/virulence/MGE safety gate still required.",,no_matching_model_evidence,,
MR3TO5_016,FORM_BB536_MCC1274; FORM_LF_K7_K8_K11,Lactobacillus fermentum K7; Lactobacillus fermentum K8; Lactobacillus fermentum K11; Bifidobacterium longum BB536,4,overweight/obesity; visceral fat accumulation; lipid-risk subgroup,LF_K7; LF_K8; LF_K11; BL_BB536,4-strain recombined candidate; combination evidence is discounted unless original tested companions are retained; PMIDs 37447365; 38542727,,37447365; 38542727,pending_genome_safety_gate,BMI; SCFA_network; barrier; bifidobacterium_niche; body_fat; carbohydrate_utilization; lipid; visceral_fat; waist; weight,5.37,8.18,9.00,0.45,7.50,8.00,10.00,,5.37,preclinical_hypothesis_not_response_probability,6.91,no,,acacia gum optional; probiotic arm strongest without synbiotic advantage; inulin/FOS optional,"Recombination allowed: split members carry discounted evidence; synergy favors complementary functions, cross-feeding, fiber response, and retained tested companions. Genome AMR/virulence/MGE safety gate still required.",,no_matching_model_evidence,,
MR3TO5_017,FORM_BB536_MCC1274; FORM_LF_K7_K8_K11,Lactobacillus fermentum K7; Lactobacillus fermentum K8; Lactobacillus fermentum K11; Bifidobacterium breve MCC1274,4,overweight/obesity; visceral fat accumulation; lipid-risk subgroup,LF_K7; LF_K8; LF_K11; BB_MCC1274,4-strain recombined candidate; combination evidence is discounted unless original tested companions are retained; PMIDs 37447365; 38542727,,37447365; 38542727,pending_genome_safety_gate,BMI; SCFA_network; barrier; bifidobacterium_niche; body_fat; carbohydrate_utilization; lipid; visceral_fat; waist; weight,5.37,8.18,9.00,0.45,7.50,8.00,10.00,,5.37,preclinical_hypothesis_not_response_probability,6.91,no,,acacia gum optional; probiotic arm strongest without synbiotic advantage; inulin/FOS optional,"Recombination allowed: split members carry discounted evidence; synergy favors complementary functions, cross-feeding, fiber response, and retained tested companions. Genome AMR/virulence/MGE safety gate still required.",,no_matching_model_evidence,,
MR3TO5_018,FORM_BB536_MCC1274; FORM_IDCC4301; FORM_LF_K7_K8_K11,Lactobacillus fermentum K7; Lactobacillus fermentum K8; Lactobacillus fermentum K11; Bifidobacterium lactis IDCC 4301; Bifidobacterium longum BB536,5,overweight/obesity; visceral fat accumulation; lipid-risk subgroup,LF_K7; LF_K8; LF_K11; BL_IDCC4301; BL_BB536,5-strain recombined candidate; combination evidence is discounted unless original tested companions are retained; PMIDs 37447365; 38542727; 39051504,,37447365; 38542727; 39051504,pending_genome_safety_gate,BMI; SCFA_network; barrier; bifidobacterium_niche; body_fat; carbohydrate_utilization; lipid; visceral_fat; waist; weight,5.32,8.18,9.00,0.45,7.50,8.00,10.00,,5.32,preclinical_hypothesis_not_response_probability,6.89,no,,acacia gum optional; probiotic arm strongest without synbiotic advantage; inulin/FOS optional,"Recombination allowed: split members carry discounted evidence; synergy favors complementary functions, cross-feeding, fiber response, and retained tested companions. Genome AMR/virulence/MGE safety gate still required.",,no_matching_model_evidence,,
MR3TO5_019,FORM_BB536_MCC1274; FORM_IDCC4301; FORM_LF_K7_K8_K11,Lactobacillus fermentum K7; Lactobacillus fermentum K8; Lactobacillus fermentum K11; Bifidobacterium lactis IDCC 4301; Bifidobacterium breve MCC1274,5,overweight/obesity; visceral fat accumulation; lipid-risk subgroup,LF_K7; LF_K8; LF_K11; BL_IDCC4301; BB_MCC1274,5-strain recombined candidate; combination evidence is discounted unless original tested companions are retained; PMIDs 37447365; 38542727; 39051504,,37447365; 38542727; 39051504,pending_genome_safety_gate,BMI; SCFA_network; barrier; bifidobacterium_niche; body_fat; carbohydrate_utilization; lipid; visceral_fat; waist; weight,5.32,8.18,9.00,0.45,7.50,8.00,10.00,,5.32,preclinical_hypothesis_not_response_probability,6.89,no,,acacia gum optional; probiotic arm strongest without synbiotic advantage; inulin/FOS optional,"Recombination allowed: split members carry discounted evidence; synergy favors complementary functions, cross-feeding, fiber response, and retained tested companions. Genome AMR/virulence/MGE safety gate still required.",,no_matching_model_evidence,,
MR3TO5_020,FORM_BB536_MCC1274; FORM_BC99; FORM_LF_K7_K8_K11,Lactobacillus fermentum K7; Lactobacillus fermentum K8; Lactobacillus fermentum K11; Bifidobacterium longum BB536; Bacillus coagulans BC99,5,overweight/obesity; visceral fat accumulation; lipid-risk subgroup,LF_K7; LF_K8; LF_K11; BL_BB536; BC_BC99,5-strain recombined candidate; combination evidence is discounted unless original tested companions are retained; PMIDs 37447365; 38542727; 40416368,,37447365; 38542727; 40416368,pending_genome_safety_gate,BMI; SCFA_network; barrier; bifidobacterium_niche; body_fat; carbohydrate_utilization; lipid; microbiome_shift; spore_former; visceral_fat; waist; weight; weight_subgroup,4.59,8.70,9.00,0.45,7.50,9.50,10.00,,4.59,preclinical_hypothesis_not_response_probability,6.85,no,,acacia gum optional; probiotic arm strongest without synbiotic advantage; inulin/FOS optional; none specified,"Recombination allowed: split members carry discounted evidence; synergy favors complementary functions, cross-feeding, fiber response, and retained tested companions. Genome AMR/virulence/MGE safety gate still required.",,no_matching_model_evidence,,
MR3TO5_021,FORM_BB536_MCC1274; FORM_BC99; FORM_LF_K7_K8_K11,Lactobacillus fermentum K7; Lactobacillus fermentum K8; Lactobacillus fermentum K11; Bifidobacterium breve MCC1274; Bacillus coagulans BC99,5,overweight/obesity; visceral fat accumulation; lipid-risk subgroup,LF_K7; LF_K8; LF_K11; BB_MCC1274; BC_BC99,5-strain recombined candidate; combination evidence is discounted unless original tested companions are retained; PMIDs 37447365; 38542727; 40416368,,37447365; 38542727; 40416368,pending_genome_safety_gate,BMI; SCFA_network; barrier; bifidobacterium_niche; body_fat; carbohydrate_utilization; lipid; microbiome_shift; spore_former; visceral_fat; waist; weight; weight_subgroup,4.59,8.70,9.00,0.45,7.50,9.50,10.00,,4.59,preclinical_hypothesis_not_response_probability,6.85,no,,acacia gum optional; probiotic arm strongest without synbiotic advantage; inulin/FOS optional; none specified,"Recombination allowed: split members carry discounted evidence; synergy favors complementary functions, cross-feeding, fiber response, and retained tested companions. Genome AMR/virulence/MGE safety gate still required.",,no_matching_model_evidence,,
MR3TO5_022,FORM_BN202M; FORM_LF_K7_K8_K11,Lactobacillus fermentum K7; Lactobacillus fermentum K8; Lactobacillus fermentum K11; Lacticaseibacillus paracasei BEPC22; Lactiplantibacillus plantarum BELP53,5,overweight/obesity; lipid-risk subgroup,LF_K7; LF_K8; LF_K11; LP_BEPC22; LPL_BELP53,5-strain recombined candidate; combination evidence is discounted unless original tested companions are retained; PMIDs 37447365; 38999741,,37447365; 38999741,pending_genome_safety_gate,BMI; SCFA_network; body_fat; carbohydrate_utilization; cross_feeding; lipid_metabolism; waist; weight,5.13,8.20,6.90,0.00,10.00,7.50,10.00,,5.13,preclinical_hypothesis_not_response_probability,6.82,no,,FOS/GOS optional; acacia gum optional; probiotic arm strongest without synbiotic advantage,"Recombination allowed: split members carry discounted evidence; synergy favors complementary functions, cross-feeding, fiber response, and retained tested companions. Genome AMR/virulence/MGE safety gate still required.",,no_matching_model_evidence,,
MR3TO5_023,FORM_BBR60; FORM_BN202M; FORM_IDCC4301,Bifidobacterium lactis IDCC 4301; Bifidobacterium breve BBr60; Lacticaseibacillus paracasei BEPC22; Lactiplantibacillus plantarum BELP53,4,overweight/obesity; lipid-risk subgroup; glucose-risk subgroup,BL_IDCC4301; BB_BBr60; LP_BEPC22; LPL_BELP53,4-strain recombined candidate; combination evidence is discounted unless original tested companions are retained; PMIDs 38999741; 39051504; 39456659,,38999741; 39051504; 39456659,pending_genome_safety_gate,SCFA_network; amino_acid_metabolism; bifidobacterium_niche; body_fat; carbohydrate_utilization; cross_feeding; glucose; lipid; lipid_metabolism; weight,3.66,9.39,9.80,0.00,7.50,9.50,10.00,,3.66,preclinical_hypothesis_not_response_probability,6.81,no,,FOS/GOS optional; inulin/FOS optional,"Recombination allowed: split members carry discounted evidence; synergy favors complementary functions, cross-feeding, fiber response, and retained tested companions. Genome AMR/virulence/MGE safety gate still required.",,no_matching_model_evidence,,
MR3TO5_024,FORM_B420_LU; FORM_BB536_MCC1274; FORM_LF_K7_K8_K11,Lactobacillus fermentum K7; Lactobacillus fermentum K8; Lactobacillus fermentum K11; Bifidobacterium longum BB536; Bifidobacterium animalis subsp. lactis B420,5,overweight/obesity; visceral fat accumulation; lipid-risk subgroup,LF_K7; LF_K8; LF_K11; BL_BB536; BL_B420,5-strain recombined candidate; combination evidence is discounted unless original tested companions are retained; PMIDs 27810310; 37447365; 38542727,,27810310; 37447365; 38542727,pending_genome_safety_gate,BMI; SCFA_network; barrier; bifidobacterium_niche; body_fat; carbohydrate_utilization; fiber_response; lipid; visceral_fat; waist; weight,4.93,8.33,9.00,0.45,7.50,9.00,10.00,,4.93,preclinical_hypothesis_not_response_probability,6.80,no,,acacia gum optional; probiotic arm strongest without synbiotic advantage; inulin/FOS optional; polydextrose/Litesse Ultra,"Recombination allowed: split members carry discounted evidence; synergy favors complementary functions, cross-feeding, fiber response, and retained tested companions. Genome AMR/virulence/MGE safety gate still required.",,no_matching_model_evidence,,
MR3TO5_025,FORM_B420_LU; FORM_BB536_MCC1274; FORM_LF_K7_K8_K11,Lactobacillus fermentum K7; Lactobacillus fermentum K8; Lactobacillus fermentum K11; Bifidobacterium breve MCC1274; Bifidobacterium animalis subsp. lactis B420,5,overweight/obesity; visceral fat accumulation; lipid-risk subgroup,LF_K7; LF_K8; LF_K11; BB_MCC1274; BL_B420,5-strain recombined candidate; combination evidence is discounted unless original tested companions are retained; PMIDs 27810310; 37447365; 38542727,,27810310; 37447365; 38542727,pending_genome_safety_gate,BMI; SCFA_network; barrier; bifidobacterium_niche; body_fat; carbohydrate_utilization; fiber_response; lipid; visceral_fat; waist; weight,4.93,8.33,9.00,0.45,7.50,9.00,10.00,,4.93,preclinical_hypothesis_not_response_probability,6.80,no,,acacia gum optional; probiotic arm strongest without synbiotic advantage; inulin/FOS optional; polydextrose/Litesse Ultra,"Recombination allowed: split members carry discounted evidence; synergy favors complementary functions, cross-feeding, fiber response, and retained tested companions. Genome AMR/virulence/MGE safety gate still required.",,no_matching_model_evidence,,
MR3TO5_026,FORM_B420_LU; FORM_LF_K7_K8_K11,Lactobacillus fermentum K7; Lactobacillus fermentum K8; Lactobacillus fermentum K11; Bifidobacterium animalis subsp. lactis B420,4,overweight/obesity,LF_K7; LF_K8; LF_K11; BL_B420,4-strain recombined candidate; combination evidence is discounted unless original tested companions are retained; PMIDs 27810310; 37447365,,27810310; 37447365,pending_genome_safety_gate,BMI; SCFA_network; barrier; body_fat; carbohydrate_utilization; fiber_response; waist; weight,5.80,7.58,6.20,0.00,7.50,8.00,10.00,,5.80,preclinical_hypothesis_not_response_probability,6.78,no,,acacia gum optional; probiotic arm strongest without synbiotic advantage; polydextrose/Litesse Ultra,"Recombination allowed: split members carry discounted evidence; synergy favors complementary functions, cross-feeding, fiber response, and retained tested companions. Genome AMR/virulence/MGE safety gate still required.",,no_matching_model_evidence,,
MR3TO5_027,FORM_BB536_MCC1274; FORM_BBR60; FORM_BN202M,Bifidobacterium longum BB536; Bifidobacterium breve MCC1274; Bifidobacterium breve BBr60; Lacticaseibacillus paracasei BEPC22; Lactiplantibacillus plantarum BELP53,5,overweight/obesity; visceral fat accumulation; lipid-risk subgroup; glucose-risk subgroup,BL_BB536; BB_MCC1274; BB_BBr60; LP_BEPC22; LPL_BELP53,5-strain recombined candidate; combination evidence is discounted unless original tested companions are retained; PMIDs 38542727; 38999741; 39456659,,38542727; 38999741; 39456659,pending_genome_safety_gate,amino_acid_metabolism; barrier; bifidobacterium_niche; body_fat; carbohydrate_utilization; cross_feeding; glucose; lipid; lipid_metabolism; visceral_fat; weight,3.31,9.52,9.00,0.00,10.00,9.50,10.00,,3.31,preclinical_hypothesis_not_response_probability,6.73,no,,FOS/GOS optional; inulin/FOS optional,"Recombination allowed: split members carry discounted evidence; synergy favors complementary functions, cross-feeding, fiber response, and retained tested companions. Genome AMR/virulence/MGE safety gate still required.",,no_matching_model_evidence,,
MR3TO5_028,FORM_BBR60; FORM_BC99; FORM_BN202M; FORM_IDCC4301,Bifidobacterium lactis IDCC 4301; Bifidobacterium breve BBr60; Lacticaseibacillus paracasei BEPC22; Lactiplantibacillus plantarum BELP53; Bacillus coagulans BC99,5,overweight/obesity; lipid-risk subgroup; glucose-risk subgroup,BL_IDCC4301; BB_BBr60; LP_BEPC22; LPL_BELP53; BC_BC99,5-strain recombined candidate; combination evidence is discounted unless original tested companions are retained; PMIDs 38999741; 39051504; 39456659; 40416368,,38999741; 39051504; 39456659; 40416368,pending_genome_safety_gate,SCFA_network; amino_acid_metabolism; bifidobacterium_niche; body_fat; carbohydrate_utilization; cross_feeding; glucose; lipid; lipid_metabolism; microbiome_shift; spore_former; weight; weight_subgroup,3.23,9.56,9.80,0.00,7.50,10.00,10.00,,3.23,preclinical_hypothesis_not_response_probability,6.71,no,,FOS/GOS optional; inulin/FOS optional; none specified,"Recombination allowed: split members carry discounted evidence; synergy favors complementary functions, cross-feeding, fiber response, and retained tested companions. Genome AMR/virulence/MGE safety gate still required.",,no_matching_model_evidence,,
MR3TO5_029,FORM_B420_LU; FORM_BC99; FORM_LF_K7_K8_K11,Lactobacillus fermentum K7; Lactobacillus fermentum K8; Lactobacillus fermentum K11; Bifidobacterium animalis subsp. lactis B420; Bacillus coagulans BC99,5,overweight/obesity,LF_K7; LF_K8; LF_K11; BL_B420; BC_BC99,5-strain recombined candidate; combination evidence is discounted unless original tested companions are retained; PMIDs 27810310; 37447365; 40416368,,27810310; 37447365; 40416368,pending_genome_safety_gate,BMI; SCFA_network; barrier; body_fat; carbohydrate_utilization; fiber_response; microbiome_shift; spore_former; waist; weight; weight_subgroup,4.94,8.11,6.20,0.00,7.50,9.50,10.00,,4.94,preclinical_hypothesis_not_response_probability,6.68,no,,acacia gum optional; probiotic arm strongest without synbiotic advantage; none specified; polydextrose/Litesse Ultra,"Recombination allowed: split members carry discounted evidence; synergy favors complementary functions, cross-feeding, fiber response, and retained tested companions. Genome AMR/virulence/MGE safety gate still required.",,no_matching_model_evidence,,
MR3TO5_030,FORM_B420_LU; FORM_BB536_MCC1274; FORM_BN202M,Bifidobacterium longum BB536; Bifidobacterium breve MCC1274; Bifidobacterium animalis subsp. lactis B420; Lacticaseibacillus paracasei BEPC22; Lactiplantibacillus plantarum BELP53,5,overweight/obesity; visceral fat accumulation; lipid-risk subgroup,BL_BB536; BB_MCC1274; BL_B420; LP_BEPC22; LPL_BELP53,5-strain recombined candidate; combination evidence is discounted unless original tested companions are retained; PMIDs 27810310; 38542727; 38999741,,27810310; 38542727; 38999741,pending_genome_safety_gate,SCFA_network; barrier; bifidobacterium_niche; body_fat; carbohydrate_utilization; cross_feeding; fiber_response; lipid; lipid_metabolism; visceral_fat; waist,3.17,9.54,9.70,0.00,10.00,9.50,10.00,,3.17,preclinical_hypothesis_not_response_probability,6.67,no,,FOS/GOS optional; inulin/FOS optional; polydextrose/Litesse Ultra,"Recombination allowed: split members carry discounted evidence; synergy favors complementary functions, cross-feeding, fiber response, and retained tested companions. Genome AMR/virulence/MGE safety gate still required.",,no_matching_model_evidence,,
MR3TO5_031,FORM_B420_LU; FORM_BBR60; FORM_BN202M; FORM_IDCC4301,Bifidobacterium lactis IDCC 4301; Bifidobacterium animalis subsp. lactis B420; Bifidobacterium breve BBr60; Lacticaseibacillus paracasei BEPC22; Lactiplantibacillus plantarum BELP53,5,overweight/obesity; lipid-risk subgroup; glucose-risk subgroup,BL_IDCC4301; BL_B420; BB_BBr60; LP_BEPC22; LPL_BELP53,5-strain recombined candidate; combination evidence is discounted unless original tested companions are retained; PMIDs 27810310; 38999741; 39051504; 39456659,,27810310; 38999741; 39051504; 39456659,pending_genome_safety_gate,SCFA_network; amino_acid_metabolism; barrier; bifidobacterium_niche; body_fat; carbohydrate_utilization; cross_feeding; fiber_response; glucose; lipid; lipid_metabolism; waist; weight,3.57,9.19,9.80,0.00,7.50,9.50,10.00,,3.57,preclinical_hypothesis_not_response_probability,6.66,no,,FOS/GOS optional; inulin/FOS optional; polydextrose/Litesse Ultra,"Recombination allowed: split members carry discounted evidence; synergy favors complementary functions, cross-feeding, fiber response, and retained tested companions. Genome AMR/virulence/MGE safety gate still required.",,no_matching_model_evidence,,
MR3TO5_032,FORM_BB536_MCC1274; FORM_BN202M; FORM_LF_K7_K8_K11,Lactobacillus fermentum K7; Lactobacillus fermentum K8; Lactobacillus fermentum K11; Bifidobacterium longum BB536; Lacticaseibacillus paracasei BEPC22,5,overweight/obesity; visceral fat accumulation; lipid-risk subgroup,LF_K7; LF_K8; LF_K11; BL_BB536; LP_BEPC22,5-strain recombined candidate; combination evidence is discounted unless original tested companions are retained; PMIDs 37447365; 38542727; 38999741,,37447365; 38542727; 38999741,pending_genome_safety_gate,BMI; SCFA_network; barrier; bifidobacterium_niche; body_fat; carbohydrate_utilization; cross_feeding; lipid; lipid_metabolism; visceral_fat; waist; weight,4.53,8.25,9.00,0.90,7.50,9.50,10.00,,4.53,preclinical_hypothesis_not_response_probability,6.58,no,,FOS/GOS optional; acacia gum optional; probiotic arm strongest without synbiotic advantage; inulin/FOS optional,"Recombination allowed: split members carry discounted evidence; synergy favors complementary functions, cross-feeding, fiber response, and retained tested companions. Genome AMR/virulence/MGE safety gate still required.",,no_matching_model_evidence,,
MR3TO5_033,FORM_BB536_MCC1274; FORM_BN202M; FORM_LF_K7_K8_K11,Lactobacillus fermentum K7; Lactobacillus fermentum K8; Lactobacillus fermentum K11; Bifidobacterium longum BB536; Lactiplantibacillus plantarum BELP53,5,overweight/obesity; visceral fat accumulation; lipid-risk subgroup,LF_K7; LF_K8; LF_K11; BL_BB536; LPL_BELP53,5-strain recombined candidate; combination evidence is discounted unless original tested companions are retained; PMIDs 37447365; 38542727; 38999741,,37447365; 38542727; 38999741,pending_genome_safety_gate,BMI; SCFA_network; barrier; bifidobacterium_niche; body_fat; carbohydrate_utilization; cross_feeding; lipid; lipid_metabolism; visceral_fat; waist; weight,4.53,8.25,9.00,0.90,7.50,9.50,10.00,,4.53,preclinical_hypothesis_not_response_probability,6.58,no,,FOS/GOS optional; acacia gum optional; probiotic arm strongest without synbiotic advantage; inulin/FOS optional,"Recombination allowed: split members carry discounted evidence; synergy favors complementary functions, cross-feeding, fiber response, and retained tested companions. Genome AMR/virulence/MGE safety gate still required.",,no_matching_model_evidence,,
MR3TO5_034,FORM_BB536_MCC1274; FORM_BN202M; FORM_LF_K7_K8_K11,Lactobacillus fermentum K7; Lactobacillus fermentum K8; Lactobacillus fermentum K11; Bifidobacterium breve MCC1274; Lacticaseibacillus paracasei BEPC22,5,overweight/obesity; visceral fat accumulation; lipid-risk subgroup,LF_K7; LF_K8; LF_K11; BB_MCC1274; LP_BEPC22,5-strain recombined candidate; combination evidence is discounted unless original tested companions are retained; PMIDs 37447365; 38542727; 38999741,,37447365; 38542727; 38999741,pending_genome_safety_gate,BMI; SCFA_network; barrier; bifidobacterium_niche; body_fat; carbohydrate_utilization; cross_feeding; lipid; lipid_metabolism; visceral_fat; waist; weight,4.53,8.25,9.00,0.90,7.50,9.50,10.00,,4.53,preclinical_hypothesis_not_response_probability,6.58,no,,FOS/GOS optional; acacia gum optional; probiotic arm strongest without synbiotic advantage; inulin/FOS optional,"Recombination allowed: split members carry discounted evidence; synergy favors complementary functions, cross-feeding, fiber response, and retained tested companions. Genome AMR/virulence/MGE safety gate still required.",,no_matching_model_evidence,,
MR3TO5_035,FORM_BB536_MCC1274; FORM_BN202M; FORM_LF_K7_K8_K11,Lactobacillus fermentum K7; Lactobacillus fermentum K8; Lactobacillus fermentum K11; Bifidobacterium breve MCC1274; Lactiplantibacillus plantarum BELP53,5,overweight/obesity; visceral fat accumulation; lipid-risk subgroup,LF_K7; LF_K8; LF_K11; BB_MCC1274; LPL_BELP53,5-strain recombined candidate; combination evidence is discounted unless original tested companions are retained; PMIDs 37447365; 38542727; 38999741,,37447365; 38542727; 38999741,pending_genome_safety_gate,BMI; SCFA_network; barrier; bifidobacterium_niche; body_fat; carbohydrate_utilization; cross_feeding; lipid; lipid_metabolism; visceral_fat; waist; weight,4.53,8.25,9.00,0.90,7.50,9.50,10.00,,4.53,preclinical_hypothesis_not_response_probability,6.58,no,,FOS/GOS optional; acacia gum optional; probiotic arm strongest without synbiotic advantage; inulin/FOS optional,"Recombination allowed: split members carry discounted evidence; synergy favors complementary functions, cross-feeding, fiber response, and retained tested companions. Genome AMR/virulence/MGE safety gate still required.",,no_matching_model_evidence,,
MR3TO5_036,FORM_BB536_MCC1274; FORM_BN202M; FORM_LF_K7_K8_K11,Lactobacillus fermentum K7; Bifidobacterium longum BB536; Bifidobacterium breve MCC1274; Lacticaseibacillus paracasei BEPC22; Lactiplantibacillus plantarum BELP53,5,overweight/obesity; visceral fat accumulation; lipid-risk subgroup,LF_K7; BL_BB536; BB_MCC1274; LP_BEPC22; LPL_BELP53,5-strain recombined candidate; combination evidence is discounted unless original tested companions are retained; PMIDs 37447365; 38542727; 38999741,,37447365; 38542727; 38999741,pending_genome_safety_gate,BMI; SCFA_network; barrier; bifidobacterium_niche; body_fat; carbohydrate_utilization; cross_feeding; lipid; lipid_metabolism; visceral_fat; waist; weight,2.96,9.46,9.70,0.45,10.00,10.00,10.00,,2.96,preclinical_hypothesis_not_response_probability,6.54,no,,FOS/GOS optional; acacia gum optional; probiotic arm strongest without synbiotic advantage; inulin/FOS optional,"Recombination allowed: split members carry discounted evidence; synergy favors complementary functions, cross-feeding, fiber response, and retained tested companions. Genome AMR/virulence/MGE safety gate still required.",,no_matching_model_evidence,,
MR3TO5_037,FORM_BB536_MCC1274; FORM_BN202M; FORM_LF_K7_K8_K11,Lactobacillus fermentum K8; Bifidobacterium longum BB536; Bifidobacterium breve MCC1274; Lacticaseibacillus paracasei BEPC22; Lactiplantibacillus plantarum BELP53,5,overweight/obesity; visceral fat accumulation; lipid-risk subgroup,LF_K8; BL_BB536; BB_MCC1274; LP_BEPC22; LPL_BELP53,5-strain recombined candidate; combination evidence is discounted unless original tested companions are retained; PMIDs 37447365; 38542727; 38999741,,37447365; 38542727; 38999741,pending_genome_safety_gate,BMI; SCFA_network; barrier; bifidobacterium_niche; body_fat; carbohydrate_utilization; cross_feeding; lipid; lipid_metabolism; visceral_fat; waist; weight,2.96,9.46,9.70,0.45,10.00,10.00,10.00,,2.96,preclinical_hypothesis_not_response_probability,6.54,no,,FOS/GOS optional; acacia gum optional; probiotic arm strongest without synbiotic advantage; inulin/FOS optional,"Recombination allowed: split members carry discounted evidence; synergy favors complementary functions, cross-feeding, fiber response, and retained tested companions. Genome AMR/virulence/MGE safety gate still required.",,no_matching_model_evidence,,
MR3TO5_038,FORM_BB536_MCC1274; FORM_BN202M; FORM_LF_K7_K8_K11,Lactobacillus fermentum K11; Bifidobacterium longum BB536; Bifidobacterium breve MCC1274; Lacticaseibacillus paracasei BEPC22; Lactiplantibacillus plantarum BELP53,5,overweight/obesity; visceral fat accumulation; lipid-risk subgroup,LF_K11; BL_BB536; BB_MCC1274; LP_BEPC22; LPL_BELP53,5-strain recombined candidate; combination evidence is discounted unless original tested companions are retained; PMIDs 37447365; 38542727; 38999741,,37447365; 38542727; 38999741,pending_genome_safety_gate,BMI; SCFA_network; barrier; bifidobacterium_niche; body_fat; carbohydrate_utilization; cross_feeding; lipid; lipid_metabolism; visceral_fat; waist; weight,2.96,9.46,9.70,0.45,10.00,10.00,10.00,,2.96,preclinical_hypothesis_not_response_probability,6.54,no,,FOS/GOS optional; acacia gum optional; probiotic arm strongest without synbiotic advantage; inulin/FOS optional,"Recombination allowed: split members carry discounted evidence; synergy favors complementary functions, cross-feeding, fiber response, and retained tested companions. Genome AMR/virulence/MGE safety gate still required.",,no_matching_model_evidence,,
MR3TO5_039,FORM_BBR60; FORM_BN202M; FORM_IDCC4301; FORM_LF_K7_K8_K11,Lactobacillus fermentum K7; Bifidobacterium lactis IDCC 4301; Bifidobacterium breve BBr60; Lacticaseibacillus paracasei BEPC22; Lactiplantibacillus plantarum BELP53,5,overweight/obesity; lipid-risk subgroup; glucose-risk subgroup,LF_K7; BL_IDCC4301; BB_BBr60; LP_BEPC22; LPL_BELP53,5-strain recombined candidate; combination evidence is discounted unless original tested companions are retained; PMIDs 37447365; 38999741; 39051504; 39456659,,37447365; 38999741; 39051504; 39456659,pending_genome_safety_gate,BMI; SCFA_network; amino_acid_metabolism; bifidobacterium_niche; body_fat; carbohydrate_utilization; cross_feeding; glucose; lipid; lipid_metabolism; waist; weight,3.36,9.12,9.80,0.45,7.50,10.00,10.00,,3.36,preclinical_hypothesis_not_response_probability,6.53,no,,FOS/GOS optional; acacia gum optional; probiotic arm strongest without synbiotic advantage; inulin/FOS optional,"Recombination allowed: split members carry discounted evidence; synergy favors complementary functions, cross-feeding, fiber response, and retained tested companions. Genome AMR/virulence/MGE safety gate still required.",,no_matching_model_evidence,,
MR3TO5_040,FORM_BBR60; FORM_BN202M; FORM_IDCC4301; FORM_LF_K7_K8_K11,Lactobacillus fermentum K8; Bifidobacterium lactis IDCC 4301; Bifidobacterium breve BBr60; Lacticaseibacillus paracasei BEPC22; Lactiplantibacillus plantarum BELP53,5,overweight/obesity; lipid-risk subgroup; glucose-risk subgroup,LF_K8; BL_IDCC4301; BB_BBr60; LP_BEPC22; LPL_BELP53,5-strain recombined candidate; combination evidence is discounted unless original tested companions are retained; PMIDs 37447365; 38999741; 39051504; 39456659,,37447365; 38999741; 39051504; 39456659,pending_genome_safety_gate,BMI; SCFA_network; amino_acid_metabolism; bifidobacterium_niche; body_fat; carbohydrate_utilization; cross_feeding; glucose; lipid; lipid_metabolism; waist; weight,3.36,9.12,9.80,0.45,7.50,10.00,10.00,,3.36,preclinical_hypothesis_not_response_probability,6.53,no,,FOS/GOS optional; acacia gum optional; probiotic arm strongest without synbiotic advantage; inulin/FOS optional,"Recombination allowed: split members carry discounted evidence; synergy favors complementary functions, cross-feeding, fiber response, and retained tested companions. Genome AMR/virulence/MGE safety gate still required.",,no_matching_model_evidence,,
MR3TO5_041,FORM_BBR60; FORM_BN202M; FORM_IDCC4301; FORM_LF_K7_K8_K11,Lactobacillus fermentum K11; Bifidobacterium lactis IDCC 4301; Bifidobacterium breve BBr60; Lacticaseibacillus paracasei BEPC22; Lactiplantibacillus plantarum BELP53,5,overweight/obesity; lipid-risk subgroup; glucose-risk subgroup,LF_K11; BL_IDCC4301; BB_BBr60; LP_BEPC22; LPL_BELP53,5-strain recombined candidate; combination evidence is discounted unless original tested companions are retained; PMIDs 37447365; 38999741; 39051504; 39456659,,37447365; 38999741; 39051504; 39456659,pending_genome_safety_gate,BMI; SCFA_network; amino_acid_metabolism; bifidobacterium_niche; body_fat; carbohydrate_utilization; cross_feeding; glucose; lipid; lipid_metabolism; waist; weight,3.36,9.12,9.80,0.45,7.50,10.00,10.00,,3.36,preclinical_hypothesis_not_response_probability,6.53,no,,FOS/GOS optional; acacia gum optional; probiotic arm strongest without synbiotic advantage; inulin/FOS optional,"Recombination allowed: split members carry discounted evidence; synergy favors complementary functions, cross-feeding, fiber response, and retained tested companions. Genome AMR/virulence/MGE safety gate still required.",,no_matching_model_evidence,,
MR3TO5_042,FORM_B420_LU; FORM_BN202M; FORM_IDCC4301,Bifidobacterium lactis IDCC 4301; Bifidobacterium animalis subsp. lactis B420; Lacticaseibacillus paracasei BEPC22; Lactiplantibacillus plantarum BELP53,4,overweight/obesity; lipid-risk subgroup,BL_IDCC4301; BL_B420; LP_BEPC22; LPL_BELP53,4-strain recombined candidate; combination evidence is discounted unless original tested companions are retained; PMIDs 27810310; 38999741; 39051504,,27810310; 38999741; 39051504,pending_genome_safety_gate,SCFA_network; barrier; bifidobacterium_niche; body_fat; carbohydrate_utilization; cross_feeding; fiber_response; lipid; lipid_metabolism; waist,3.49,8.95,9.00,0.00,7.50,9.50,10.00,,3.49,preclinical_hypothesis_not_response_probability,6.49,no,,FOS/GOS optional; inulin/FOS optional; polydextrose/Litesse Ultra,"Recombination allowed: split members carry discounted evidence; synergy favors complementary functions, cross-feeding, fiber response, and retained tested companions. Genome AMR/virulence/MGE safety gate still required.",,no_matching_model_evidence,,
MR3TO5_043,FORM_BB536_MCC1274; FORM_BC99; FORM_BN202M,Bifidobacterium longum BB536; Bifidobacterium breve MCC1274; Lacticaseibacillus paracasei BEPC22; Lactiplantibacillus plantarum BELP53; Bacillus coagulans BC99,5,overweight/obesity; visceral fat accumulation; lipid-risk subgroup,BL_BB536; BB_MCC1274; LP_BEPC22; LPL_BELP53; BC_BC99,5-strain recombined candidate; combination evidence is discounted unless original tested companions are retained; PMIDs 38542727; 38999741; 40416368,,38542727; 38999741; 40416368,pending_genome_safety_gate,barrier; bifidobacterium_niche; body_fat; carbohydrate_utilization; cross_feeding; lipid; lipid_metabolism; microbiome_shift; spore_former; visceral_fat; weight_subgroup,2.83,9.46,8.20,0.00,10.00,10.00,10.00,,2.83,preclinical_hypothesis_not_response_probability,6.48,no,,FOS/GOS optional; inulin/FOS optional; none specified,"Recombination allowed: split members carry discounted evidence; synergy favors complementary functions, cross-feeding, fiber response, and retained tested companions. Genome AMR/virulence/MGE safety gate still required.",,no_matching_model_evidence,,
MR3TO5_044,FORM_BB536_MCC1274; FORM_BBR60; FORM_IDCC4301; FORM_LF_K7_K8_K11,Lactobacillus fermentum K7; Bifidobacterium lactis IDCC 4301; Bifidobacterium longum BB536; Bifidobacterium breve MCC1274; Bifidobacterium breve BBr60,5,overweight/obesity; visceral fat accumulation; lipid-risk subgroup; glucose-risk subgroup,LF_K7; BL_IDCC4301; BL_BB536; BB_MCC1274; BB_BBr60,5-strain recombined candidate; combination evidence is discounted unless original tested companions are retained; PMIDs 37447365; 38542727; 39051504; 39456659,,37447365; 38542727; 39051504; 39456659,pending_genome_safety_gate,BMI; SCFA_network; amino_acid_metabolism; barrier; bifidobacterium_niche; body_fat; carbohydrate_utilization; glucose; lipid; visceral_fat; waist; weight,3.63,8.77,9.80,0.45,7.50,9.00,10.00,,3.63,preclinical_hypothesis_not_response_probability,6.45,no,,acacia gum optional; probiotic arm strongest without synbiotic advantage; inulin/FOS optional,"Recombination allowed: split members carry discounted evidence; synergy favors complementary functions, cross-feeding, fiber response, and retained tested companions. Genome AMR/virulence/MGE safety gate still required.",,no_matching_model_evidence,,
MR3TO5_045,FORM_BB536_MCC1274; FORM_BBR60; FORM_IDCC4301; FORM_LF_K7_K8_K11,Lactobacillus fermentum K8; Bifidobacterium lactis IDCC 4301; Bifidobacterium longum BB536; Bifidobacterium breve MCC1274; Bifidobacterium breve BBr60,5,overweight/obesity; visceral fat accumulation; lipid-risk subgroup; glucose-risk subgroup,LF_K8; BL_IDCC4301; BL_BB536; BB_MCC1274; BB_BBr60,5-strain recombined candidate; combination evidence is discounted unless original tested companions are retained; PMIDs 37447365; 38542727; 39051504; 39456659,,37447365; 38542727; 39051504; 39456659,pending_genome_safety_gate,BMI; SCFA_network; amino_acid_metabolism; barrier; bifidobacterium_niche; body_fat; carbohydrate_utilization; glucose; lipid; visceral_fat; waist; weight,3.63,8.77,9.80,0.45,7.50,9.00,10.00,,3.63,preclinical_hypothesis_not_response_probability,6.45,no,,acacia gum optional; probiotic arm strongest without synbiotic advantage; inulin/FOS optional,"Recombination allowed: split members carry discounted evidence; synergy favors complementary functions, cross-feeding, fiber response, and retained tested companions. Genome AMR/virulence/MGE safety gate still required.",,no_matching_model_evidence,,
MR3TO5_046,FORM_BB536_MCC1274; FORM_BBR60; FORM_IDCC4301; FORM_LF_K7_K8_K11,Lactobacillus fermentum K11; Bifidobacterium lactis IDCC 4301; Bifidobacterium longum BB536; Bifidobacterium breve MCC1274; Bifidobacterium breve BBr60,5,overweight/obesity; visceral fat accumulation; lipid-risk subgroup; glucose-risk subgroup,LF_K11; BL_IDCC4301; BL_BB536; BB_MCC1274; BB_BBr60,5-strain recombined candidate; combination evidence is discounted unless original tested companions are retained; PMIDs 37447365; 38542727; 39051504; 39456659,,37447365; 38542727; 39051504; 39456659,pending_genome_safety_gate,BMI; SCFA_network; amino_acid_metabolism; barrier; bifidobacterium_niche; body_fat; carbohydrate_utilization; glucose; lipid; visceral_fat; waist; weight,3.63,8.77,9.80,0.45,7.50,9.00,10.00,,3.63,preclinical_hypothesis_not_response_probability,6.45,no,,acacia gum optional; probiotic arm strongest without synbiotic advantage; inulin/FOS optional,"Recombination allowed: split members carry discounted evidence; synergy favors complementary functions, cross-feeding, fiber response, and retained tested companions. Genome AMR/virulence/MGE safety gate still required.",,no_matching_model_evidence,,
MR3TO5_047,FORM_B420_LU; FORM_BN202M; FORM_LF_K7_K8_K11,Lactobacillus fermentum K7; Lactobacillus fermentum K8; Lactobacillus fermentum K11; Bifidobacterium animalis subsp. lactis B420; Lacticaseibacillus paracasei BEPC22,5,overweight/obesity; lipid-risk subgroup,LF_K7; LF_K8; LF_K11; BL_B420; LP_BEPC22,5-strain recombined candidate; combination evidence is discounted unless original tested companions are retained; PMIDs 27810310; 37447365; 38999741,,27810310; 37447365; 38999741,pending_genome_safety_gate,BMI; SCFA_network; barrier; body_fat; carbohydrate_utilization; cross_feeding; fiber_response; lipid_metabolism; waist; weight,4.88,7.66,6.20,0.45,7.50,9.50,10.00,,4.88,preclinical_hypothesis_not_response_probability,6.41,no,,FOS/GOS optional; acacia gum optional; probiotic arm strongest without synbiotic advantage; polydextrose/Litesse Ultra,"Recombination allowed: split members carry discounted evidence; synergy favors complementary functions, cross-feeding, fiber response, and retained tested companions. Genome AMR/virulence/MGE safety gate still required.",,no_matching_model_evidence,,
MR3TO5_048,FORM_B420_LU; FORM_BN202M; FORM_LF_K7_K8_K11,Lactobacillus fermentum K7; Lactobacillus fermentum K8; Lactobacillus fermentum K11; Bifidobacterium animalis subsp. lactis B420; Lactiplantibacillus plantarum BELP53,5,overweight/obesity; lipid-risk subgroup,LF_K7; LF_K8; LF_K11; BL_B420; LPL_BELP53,5-strain recombined candidate; combination evidence is discounted unless original tested companions are retained; PMIDs 27810310; 37447365; 38999741,,27810310; 37447365; 38999741,pending_genome_safety_gate,BMI; SCFA_network; barrier; body_fat; carbohydrate_utilization; cross_feeding; fiber_response; lipid_metabolism; waist; weight,4.88,7.66,6.20,0.45,7.50,9.50,10.00,,4.88,preclinical_hypothesis_not_response_probability,6.41,no,,FOS/GOS optional; acacia gum optional; probiotic arm strongest without synbiotic advantage; polydextrose/Litesse Ultra,"Recombination allowed: split members carry discounted evidence; synergy favors complementary functions, cross-feeding, fiber response, and retained tested companions. Genome AMR/virulence/MGE safety gate still required.",,no_matching_model_evidence,,
MR3TO5_049,FORM_B420_LU; FORM_BC99; FORM_BN202M; FORM_IDCC4301,Bifidobacterium lactis IDCC 4301; Bifidobacterium animalis subsp. lactis B420; Lacticaseibacillus paracasei BEPC22; Lactiplantibacillus plantarum BELP53; Bacillus coagulans BC99,5,overweight/obesity; lipid-risk subgroup,BL_IDCC4301; BL_B420; LP_BEPC22; LPL_BELP53; BC_BC99,5-strain recombined candidate; combination evidence is discounted unless original tested companions are retained; PMIDs 27810310; 38999741; 39051504; 40416368,,27810310; 38999741; 39051504; 40416368,pending_genome_safety_gate,SCFA_network; barrier; bifidobacterium_niche; body_fat; carbohydrate_utilization; cross_feeding; fiber_response; lipid; lipid_metabolism; microbiome_shift; spore_former; waist; weight_subgroup,3.10,9.12,9.00,0.00,7.50,10.00,10.00,,3.10,preclinical_hypothesis_not_response_probability,6.41,no,,FOS/GOS optional; inulin/FOS optional; none specified; polydextrose/Litesse Ultra,"Recombination allowed: split members carry discounted evidence; synergy favors complementary functions, cross-feeding, fiber response, and retained tested companions. Genome AMR/virulence/MGE safety gate still required.",,no_matching_model_evidence,,
MR3TO5_050,FORM_BB536_MCC1274; FORM_BBR60; FORM_BN202M; FORM_IDCC4301,Bifidobacterium lactis IDCC 4301; Bifidobacterium longum BB536; Bifidobacterium breve MCC1274; Bifidobacterium breve BBr60; Lacticaseibacillus paracasei BEPC22,5,overweight/obesity; visceral fat accumulation; lipid-risk subgroup; glucose-risk subgroup,BL_IDCC4301; BL_BB536; BB_MCC1274; BB_BBr60; LP_BEPC22,5-strain recombined candidate; combination evidence is discounted unless original tested companions are retained; PMIDs 38542727; 38999741; 39051504; 39456659,,38542727; 38999741; 39051504; 39456659,pending_genome_safety_gate,SCFA_network; amino_acid_metabolism; barrier; bifidobacterium_niche; body_fat; carbohydrate_utilization; cross_feeding; glucose; lipid; lipid_metabolism; visceral_fat; weight,3.44,8.77,9.80,0.45,7.50,9.00,10.00,,3.44,preclinical_hypothesis_not_response_probability,6.37,no,,FOS/GOS optional; inulin/FOS optional,"Recombination allowed: split members carry discounted evidence; synergy favors complementary functions, cross-feeding, fiber response, and retained tested companions. Genome AMR/virulence/MGE safety gate still required.",,no_matching_model_evidence,,
