robust_rank,combination_id,strains,source_strain_ids,total_strain_count,retained_formulations,partial_formulations,evidence_pmid_list,functional_modules,posterior_score_mean,posterior_score_p10,posterior_score_p90,top10_probability,rank_mean,rank_p90,clinical_evidence_mean,clinical_evidence_p10,module_coverage_score,formulation_integrity_score,evidence_independence_score,genus_diversity_score,split_evidence_penalty,complexity_penalty,safety_gate,prediction_scope,recommended_prebiotic,validation_recommendation
1,ROBUST_001,Lactobacillus fermentum K7; Lactobacillus fermentum K8; Lactobacillus fermentum K11; Bifidobacterium lactis IDCC 4301; Bifidobacterium animalis subsp. lactis B420,LF_K7; LF_K8; LF_K11; BL_IDCC4301; BL_B420,5,FORM_LF_K7_K8_K11; FORM_IDCC4301; FORM_B420_LU,,27810310; 37447365; 39051504,BMI; SCFA_network; barrier; bifidobacterium_niche; body_fat; carbohydrate_utilization; fiber_response; lipid; waist; weight,7.350,6.624,8.047,0.6172,15.25,39.00,6.774,5.276,10.000,10.000,10.000,5.000,0.000,0.700,pending_genome_safety_gate,preclinical_validation_priority_not_response_probability,acacia gum optional; probiotic arm strongest without synbiotic advantage; inulin/FOS optional; polydextrose/Litesse Ultra,complete strain-resolved genome AMR/virulence/MGE screening before validation
2,ROBUST_002,Lactobacillus fermentum K7; Lactobacillus fermentum K8; Lactobacillus fermentum K11; Bifidobacterium breve BBr60,LF_K7; LF_K8; LF_K11; BB_BBr60,4,FORM_LF_K7_K8_K11; FORM_BBR60,,37447365; 39456659,BMI; SCFA_network; amino_acid_metabolism; bifidobacterium_niche; body_fat; carbohydrate_utilization; glucose; waist; weight,7.305,6.535,8.058,0.5466,21.91,57.00,6.999,5.363,9.200,10.000,6.667,5.000,0.000,0.350,pending_genome_safety_gate,preclinical_validation_priority_not_response_probability,acacia gum optional; probiotic arm strongest without synbiotic advantage; inulin/FOS optional,complete strain-resolved genome AMR/virulence/MGE screening before validation
3,ROBUST_003,Lactobacillus fermentum K7; Lactobacillus fermentum K8; Lactobacillus fermentum K11; Bifidobacterium animalis subsp. lactis B420; Bifidobacterium breve BBr60,LF_K7; LF_K8; LF_K11; BL_B420; BB_BBr60,5,FORM_LF_K7_K8_K11; FORM_B420_LU; FORM_BBR60,,27810310; 37447365; 39456659,BMI; SCFA_network; amino_acid_metabolism; barrier; bifidobacterium_niche; body_fat; carbohydrate_utilization; fiber_response; glucose; waist; weight,7.267,6.542,7.967,0.5372,18.12,44.00,6.592,5.125,10.000,10.000,10.000,5.000,0.000,0.700,pending_genome_safety_gate,preclinical_validation_priority_not_response_probability,acacia gum optional; probiotic arm strongest without synbiotic advantage; inulin/FOS optional; polydextrose/Litesse Ultra,complete strain-resolved genome AMR/virulence/MGE screening before validation
4,ROBUST_004,Lactobacillus fermentum K7; Lactobacillus fermentum K8; Lactobacillus fermentum K11; Bifidobacterium lactis IDCC 4301,LF_K7; LF_K8; LF_K11; BL_IDCC4301,4,FORM_LF_K7_K8_K11; FORM_IDCC4301,,37447365; 39051504,BMI; SCFA_network; bifidobacterium_niche; body_fat; carbohydrate_utilization; lipid; waist; weight,7.270,6.479,8.009,0.5250,24.08,62.00,7.272,5.609,8.400,10.000,6.667,5.000,0.000,0.350,pending_genome_safety_gate,preclinical_validation_priority_not_response_probability,acacia gum optional; probiotic arm strongest without synbiotic advantage; inulin/FOS optional,complete strain-resolved genome AMR/virulence/MGE screening before validation
5,ROBUST_005,Lactobacillus fermentum K7; Lactobacillus fermentum K8; Lactobacillus fermentum K11; Bifidobacterium breve BBr60; Bacillus coagulans BC99,LF_K7; LF_K8; LF_K11; BB_BBr60; BC_BC99,5,FORM_LF_K7_K8_K11; FORM_BBR60; FORM_BC99,,37447365; 39456659; 40416368,BMI; SCFA_network; amino_acid_metabolism; bifidobacterium_niche; body_fat; carbohydrate_utilization; glucose; microbiome_shift; spore_former; waist; weight; weight_subgroup,7.233,6.476,7.968,0.5138,20.41,50.00,5.957,4.396,10.000,10.000,10.000,7.500,0.000,0.700,pending_genome_safety_gate,preclinical_validation_priority_not_response_probability,acacia gum optional; probiotic arm strongest without synbiotic advantage; inulin/FOS optional; none specified,complete strain-resolved genome AMR/virulence/MGE screening before validation
6,ROBUST_006,Lactobacillus fermentum K7; Lactobacillus fermentum K8; Lactobacillus fermentum K11; Bifidobacterium longum BB536; Bifidobacterium breve MCC1274,LF_K7; LF_K8; LF_K11; BL_BB536; BB_MCC1274,5,FORM_LF_K7_K8_K11; FORM_BB536_MCC1274,,37447365; 38542727,BMI; SCFA_network; barrier; bifidobacterium_niche; body_fat; carbohydrate_utilization; lipid; visceral_fat; waist; weight,7.130,6.368,7.830,0.4324,33.88,88.00,7.387,5.752,9.200,10.000,6.667,5.000,0.000,0.700,pending_genome_safety_gate,preclinical_validation_priority_not_response_probability,acacia gum optional; probiotic arm strongest without synbiotic advantage; inulin/FOS optional,complete strain-resolved genome AMR/virulence/MGE screening before validation
7,ROBUST_007,Lactobacillus fermentum K7; Lactobacillus fermentum K8; Lactobacillus fermentum K11; Bifidobacterium lactis IDCC 4301; Bifidobacterium breve BBr60,LF_K7; LF_K8; LF_K11; BL_IDCC4301; BB_BBr60,5,FORM_LF_K7_K8_K11; FORM_IDCC4301; FORM_BBR60,,37447365; 39051504; 39456659,BMI; SCFA_network; amino_acid_metabolism; bifidobacterium_niche; body_fat; carbohydrate_utilization; glucose; lipid; waist; weight,7.166,6.474,7.817,0.4250,22.76,54.00,6.720,5.306,9.200,10.000,10.000,5.000,0.000,0.700,pending_genome_safety_gate,preclinical_validation_priority_not_response_probability,acacia gum optional; probiotic arm strongest without synbiotic advantage; inulin/FOS optional,complete strain-resolved genome AMR/virulence/MGE screening before validation
8,ROBUST_008,Lactobacillus fermentum K7; Lactobacillus fermentum K8; Lactobacillus fermentum K11; Bifidobacterium lactis IDCC 4301; Bacillus coagulans BC99,LF_K7; LF_K8; LF_K11; BL_IDCC4301; BC_BC99,5,FORM_LF_K7_K8_K11; FORM_IDCC4301; FORM_BC99,,37447365; 39051504; 40416368,BMI; SCFA_network; bifidobacterium_niche; body_fat; carbohydrate_utilization; lipid; microbiome_shift; spore_former; waist; weight; weight_subgroup,7.156,6.431,7.882,0.4218,23.96,58.00,6.139,4.618,9.200,10.000,10.000,7.500,0.000,0.700,pending_genome_safety_gate,preclinical_validation_priority_not_response_probability,acacia gum optional; probiotic arm strongest without synbiotic advantage; inulin/FOS optional; none specified,complete strain-resolved genome AMR/virulence/MGE screening before validation
9,ROBUST_009,Lactobacillus fermentum K7; Lactobacillus fermentum K8; Lactobacillus fermentum K11; Bifidobacterium animalis subsp. lactis B420,LF_K7; LF_K8; LF_K11; BL_B420,4,FORM_LF_K7_K8_K11; FORM_B420_LU,,27810310; 37447365,BMI; SCFA_network; barrier; body_fat; carbohydrate_utilization; fiber_response; waist; weight,7.102,6.284,7.894,0.4048,35.49,93.10,7.079,5.274,8.000,10.000,6.667,5.000,0.000,0.350,pending_genome_safety_gate,preclinical_validation_priority_not_response_probability,acacia gum optional; probiotic arm strongest without synbiotic advantage; polydextrose/Litesse Ultra,complete strain-resolved genome AMR/virulence/MGE screening before validation
10,ROBUST_010,Bifidobacterium lactis IDCC 4301; Bifidobacterium breve BBr60; Lacticaseibacillus paracasei BEPC22; Lactiplantibacillus plantarum BELP53,BL_IDCC4301; BB_BBr60; LP_BEPC22; LPL_BELP53,4,FORM_IDCC4301; FORM_BBR60; FORM_BN202M,,38999741; 39051504; 39456659,SCFA_network; amino_acid_metabolism; bifidobacterium_niche; body_fat; carbohydrate_utilization; cross_feeding; glucose; lipid; lipid_metabolism; weight,7.075,6.307,7.839,0.3580,28.69,67.00,5.361,3.771,8.800,10.000,10.000,7.500,0.000,0.350,pending_genome_safety_gate,preclinical_validation_priority_not_response_probability,FOS/GOS optional; inulin/FOS optional,complete strain-resolved genome AMR/virulence/MGE screening before validation
11,ROBUST_011,Bifidobacterium animalis subsp. lactis B420; Bifidobacterium breve BBr60; Bacillus coagulans BC99,BL_B420; BB_BBr60; BC_BC99,3,FORM_B420_LU; FORM_BBR60; FORM_BC99,,27810310; 39456659; 40416368,SCFA_network; amino_acid_metabolism; barrier; bifidobacterium_niche; body_fat; fiber_response; glucose; microbiome_shift; spore_former; waist; weight; weight_subgroup,7.052,6.203,7.882,0.3288,30.17,73.00,5.090,3.362,8.800,10.000,10.000,5.000,0.000,0.000,pending_genome_safety_gate,preclinical_validation_priority_not_response_probability,inulin/FOS optional; none specified; polydextrose/Litesse Ultra,complete strain-resolved genome AMR/virulence/MGE screening before validation
12,ROBUST_012,Bifidobacterium longum BB536; Bifidobacterium breve MCC1274; Bifidobacterium breve BBr60; Lacticaseibacillus paracasei BEPC22; Lactiplantibacillus plantarum BELP53,BL_BB536; BB_MCC1274; BB_BBr60; LP_BEPC22; LPL_BELP53,5,FORM_BB536_MCC1274; FORM_BBR60; FORM_BN202M,,38542727; 38999741; 39456659,amino_acid_metabolism; barrier; bifidobacterium_niche; body_fat; carbohydrate_utilization; cross_feeding; glucose; lipid; lipid_metabolism; visceral_fat; weight,6.999,6.212,7.739,0.3120,35.57,87.00,5.438,3.895,10.000,10.000,10.000,7.500,0.000,0.700,pending_genome_safety_gate,preclinical_validation_priority_not_response_probability,FOS/GOS optional; inulin/FOS optional,complete strain-resolved genome AMR/virulence/MGE screening before validation
13,ROBUST_013,Bifidobacterium animalis subsp. lactis B420; Bifidobacterium breve BBr60; Lacticaseibacillus paracasei BEPC22; Lactiplantibacillus plantarum BELP53,BL_B420; BB_BBr60; LP_BEPC22; LPL_BELP53,4,FORM_B420_LU; FORM_BBR60; FORM_BN202M,,27810310; 38999741; 39456659,SCFA_network; amino_acid_metabolism; barrier; bifidobacterium_niche; body_fat; carbohydrate_utilization; cross_feeding; fiber_response; glucose; lipid_metabolism; waist; weight,7.017,6.229,7.790,0.3012,32.90,77.00,5.233,3.588,8.800,10.000,10.000,7.500,0.000,0.350,pending_genome_safety_gate,preclinical_validation_priority_not_response_probability,FOS/GOS optional; inulin/FOS optional; polydextrose/Litesse Ultra,complete strain-resolved genome AMR/virulence/MGE screening before validation
14,ROBUST_014,Lactobacillus fermentum K7; Lactobacillus fermentum K8; Lactobacillus fermentum K11; Bifidobacterium animalis subsp. lactis B420; Bacillus coagulans BC99,LF_K7; LF_K8; LF_K11; BL_B420; BC_BC99,5,FORM_LF_K7_K8_K11; FORM_B420_LU; FORM_BC99,,27810310; 37447365; 40416368,BMI; SCFA_network; barrier; body_fat; carbohydrate_utilization; fiber_response; microbiome_shift; spore_former; waist; weight; weight_subgroup,7.017,6.255,7.745,0.2882,33.20,81.00,6.011,4.416,8.800,10.000,10.000,7.500,0.000,0.700,pending_genome_safety_gate,preclinical_validation_priority_not_response_probability,acacia gum optional; probiotic arm strongest without synbiotic advantage; none specified; polydextrose/Litesse Ultra,complete strain-resolved genome AMR/virulence/MGE screening before validation
15,ROBUST_015,Bifidobacterium lactis IDCC 4301; Bifidobacterium animalis subsp. lactis B420; Bifidobacterium breve BBr60; Bacillus coagulans BC99,BL_IDCC4301; BL_B420; BB_BBr60; BC_BC99,4,FORM_IDCC4301; FORM_B420_LU; FORM_BBR60; FORM_BC99,,27810310; 39051504; 39456659; 40416368,SCFA_network; amino_acid_metabolism; barrier; bifidobacterium_niche; body_fat; fiber_response; glucose; lipid; microbiome_shift; spore_former; waist; weight; weight_subgroup,7.063,6.325,7.785,0.2856,24.36,54.00,5.359,3.909,10.000,10.000,10.000,5.000,0.000,0.350,pending_genome_safety_gate,preclinical_validation_priority_not_response_probability,inulin/FOS optional; none specified; polydextrose/Litesse Ultra,complete strain-resolved genome AMR/virulence/MGE screening before validation
16,ROBUST_016,Bifidobacterium lactis IDCC 4301; Bifidobacterium breve BBr60; Bacillus coagulans BC99,BL_IDCC4301; BB_BBr60; BC_BC99,3,FORM_IDCC4301; FORM_BBR60; FORM_BC99,,39051504; 39456659; 40416368,SCFA_network; amino_acid_metabolism; bifidobacterium_niche; body_fat; glucose; lipid; microbiome_shift; spore_former; weight; weight_subgroup,6.951,6.138,7.740,0.2360,36.70,87.00,5.219,3.562,8.000,10.000,10.000,5.000,0.000,0.000,pending_genome_safety_gate,preclinical_validation_priority_not_response_probability,inulin/FOS optional; none specified,complete strain-resolved genome AMR/virulence/MGE screening before validation
17,ROBUST_017,Bifidobacterium lactis IDCC 4301; Bifidobacterium animalis subsp. lactis B420; Bifidobacterium breve BBr60; Lacticaseibacillus paracasei BEPC22; Lactiplantibacillus plantarum BELP53,BL_IDCC4301; BL_B420; BB_BBr60; LP_BEPC22; LPL_BELP53,5,FORM_IDCC4301; FORM_B420_LU; FORM_BBR60; FORM_BN202M,,27810310; 38999741; 39051504; 39456659,SCFA_network; amino_acid_metabolism; barrier; bifidobacterium_niche; body_fat; carbohydrate_utilization; cross_feeding; fiber_response; glucose; lipid; lipid_metabolism; waist; weight,7.012,6.300,7.688,0.2338,27.84,59.00,5.466,4.068,10.000,10.000,10.000,7.500,0.000,0.700,pending_genome_safety_gate,preclinical_validation_priority_not_response_probability,FOS/GOS optional; inulin/FOS optional; polydextrose/Litesse Ultra,complete strain-resolved genome AMR/virulence/MGE screening before validation
18,ROBUST_018,Bifidobacterium lactis IDCC 4301; Bifidobacterium animalis subsp. lactis B420; Bacillus coagulans BC99,BL_IDCC4301; BL_B420; BC_BC99,3,FORM_IDCC4301; FORM_B420_LU; FORM_BC99,,27810310; 39051504; 40416368,SCFA_network; barrier; bifidobacterium_niche; body_fat; fiber_response; lipid; microbiome_shift; spore_former; waist; weight_subgroup,6.895,6.072,7.699,0.2030,42.02,100.00,5.272,3.574,7.600,10.000,10.000,5.000,0.000,0.000,pending_genome_safety_gate,preclinical_validation_priority_not_response_probability,inulin/FOS optional; none specified; polydextrose/Litesse Ultra,complete strain-resolved genome AMR/virulence/MGE screening before validation
19,ROBUST_019,Bifidobacterium lactis IDCC 4301; Bifidobacterium animalis subsp. lactis B420; Lacticaseibacillus paracasei BEPC22; Lactiplantibacillus plantarum BELP53,BL_IDCC4301; BL_B420; LP_BEPC22; LPL_BELP53,4,FORM_IDCC4301; FORM_B420_LU; FORM_BN202M,,27810310; 38999741; 39051504,SCFA_network; barrier; bifidobacterium_niche; body_fat; carbohydrate_utilization; cross_feeding; fiber_response; lipid; lipid_metabolism; waist,6.860,6.065,7.618,0.1868,46.23,112.00,5.415,3.772,7.600,10.000,10.000,7.500,0.000,0.350,pending_genome_safety_gate,preclinical_validation_priority_not_response_probability,FOS/GOS optional; inulin/FOS optional; polydextrose/Litesse Ultra,complete strain-resolved genome AMR/virulence/MGE screening before validation
20,ROBUST_020,Bifidobacterium longum BB536; Bifidobacterium breve MCC1274; Bifidobacterium animalis subsp. lactis B420; Bacillus coagulans BC99,BL_BB536; BB_MCC1274; BL_B420; BC_BC99,4,FORM_BB536_MCC1274; FORM_B420_LU; FORM_BC99,,27810310; 38542727; 40416368,SCFA_network; barrier; bifidobacterium_niche; body_fat; fiber_response; lipid; microbiome_shift; spore_former; visceral_fat; waist; weight_subgroup,6.818,6.000,7.612,0.1718,50.07,119.00,5.349,3.673,8.800,10.000,10.000,5.000,0.000,0.350,pending_genome_safety_gate,preclinical_validation_priority_not_response_probability,inulin/FOS optional; none specified; polydextrose/Litesse Ultra,complete strain-resolved genome AMR/virulence/MGE screening before validation
21,ROBUST_021,Bifidobacterium longum BB536; Bifidobacterium breve MCC1274; Bifidobacterium animalis subsp. lactis B420; Lacticaseibacillus paracasei BEPC22; Lactiplantibacillus plantarum BELP53,BL_BB536; BB_MCC1274; BL_B420; LP_BEPC22; LPL_BELP53,5,FORM_BB536_MCC1274; FORM_B420_LU; FORM_BN202M,,27810310; 38542727; 38999741,SCFA_network; barrier; bifidobacterium_niche; body_fat; carbohydrate_utilization; cross_feeding; fiber_response; lipid; lipid_metabolism; visceral_fat; waist,6.783,6.009,7.522,0.1584,55.00,130.00,5.492,3.891,8.800,10.000,10.000,7.500,0.000,0.700,pending_genome_safety_gate,preclinical_validation_priority_not_response_probability,FOS/GOS optional; inulin/FOS optional; polydextrose/Litesse Ultra,complete strain-resolved genome AMR/virulence/MGE screening before validation
22,ROBUST_022,Bifidobacterium breve BBr60; Lacticaseibacillus paracasei BEPC22; Lactiplantibacillus plantarum BELP53; Bacillus coagulans BC99,BB_BBr60; LP_BEPC22; LPL_BELP53; BC_BC99,4,FORM_BBR60; FORM_BN202M; FORM_BC99,,38999741; 39456659; 40416368,amino_acid_metabolism; bifidobacterium_niche; body_fat; carbohydrate_utilization; cross_feeding; glucose; lipid_metabolism; microbiome_shift; spore_former; weight; weight_subgroup,6.742,5.906,7.553,0.1282,59.40,139.10,4.598,2.915,7.600,10.000,10.000,10.000,0.000,0.350,pending_genome_safety_gate,preclinical_validation_priority_not_response_probability,FOS/GOS optional; inulin/FOS optional; none specified,complete strain-resolved genome AMR/virulence/MGE screening before validation
23,ROBUST_023,Bifidobacterium breve BBr60; Lacticaseibacillus paracasei BEPC22; Lactiplantibacillus plantarum BELP53,BB_BBr60; LP_BEPC22; LPL_BELP53,3,FORM_BBR60; FORM_BN202M,,38999741; 39456659,amino_acid_metabolism; bifidobacterium_niche; body_fat; carbohydrate_utilization; cross_feeding; glucose; lipid_metabolism; weight,6.509,5.588,7.435,0.0976,103.06,253.10,4.960,2.972,6.800,10.000,6.667,7.500,0.000,0.000,pending_genome_safety_gate,preclinical_validation_priority_not_response_probability,FOS/GOS optional; inulin/FOS optional,complete strain-resolved genome AMR/virulence/MGE screening before validation
24,ROBUST_024,Bifidobacterium animalis subsp. lactis B420; Lacticaseibacillus paracasei BEPC22; Lactiplantibacillus plantarum BELP53,BL_B420; LP_BEPC22; LPL_BELP53,3,FORM_B420_LU; FORM_BN202M,,27810310; 38999741,SCFA_network; barrier; body_fat; carbohydrate_utilization; cross_feeding; fiber_response; lipid_metabolism; waist,6.466,5.508,7.397,0.0922,111.62,272.00,5.040,2.977,6.400,10.000,6.667,7.500,0.000,0.000,pending_genome_safety_gate,preclinical_validation_priority_not_response_probability,FOS/GOS optional; polydextrose/Litesse Ultra,complete strain-resolved genome AMR/virulence/MGE screening before validation
25,ROBUST_025,Lactobacillus fermentum K7; Lactobacillus fermentum K8; Lactobacillus fermentum K11; Bacillus coagulans BC99,LF_K7; LF_K8; LF_K11; BC_BC99,4,FORM_LF_K7_K8_K11; FORM_BC99,,37447365; 40416368,BMI; SCFA_network; body_fat; carbohydrate_utilization; microbiome_shift; spore_former; waist; weight; weight_subgroup,6.514,5.699,7.398,0.0886,99.92,236.10,6.127,4.390,7.200,10.000,6.667,5.000,0.000,0.350,pending_genome_safety_gate,preclinical_validation_priority_not_response_probability,acacia gum optional; probiotic arm strongest without synbiotic advantage; none specified,complete strain-resolved genome AMR/virulence/MGE screening before validation
26,ROBUST_026,Bifidobacterium lactis IDCC 4301; Bifidobacterium breve BBr60; Lacticaseibacillus paracasei BEPC22; Lactiplantibacillus plantarum BELP53; Bacillus coagulans BC99,BL_IDCC4301; BB_BBr60; LP_BEPC22; LPL_BELP53; BC_BC99,5,FORM_IDCC4301; FORM_BBR60; FORM_BN202M; FORM_BC99,,38999741; 39051504; 39456659; 40416368,SCFA_network; amino_acid_metabolism; bifidobacterium_niche; body_fat; carbohydrate_utilization; cross_feeding; glucose; lipid; lipid_metabolism; microbiome_shift; spore_former; weight; weight_subgroup,6.809,6.085,7.506,0.0884,44.71,94.00,4.989,3.576,8.800,10.000,10.000,10.000,0.000,0.700,pending_genome_safety_gate,preclinical_validation_priority_not_response_probability,FOS/GOS optional; inulin/FOS optional; none specified,complete strain-resolved genome AMR/virulence/MGE screening before validation
27,ROBUST_027,Lactobacillus fermentum K7; Lactobacillus fermentum K8; Lactobacillus fermentum K11; Lacticaseibacillus paracasei BEPC22; Lactiplantibacillus plantarum BELP53,LF_K7; LF_K8; LF_K11; LP_BEPC22; LPL_BELP53,5,FORM_LF_K7_K8_K11; FORM_BN202M,,37447365; 38999741,BMI; SCFA_network; body_fat; carbohydrate_utilization; cross_feeding; lipid_metabolism; waist; weight,6.511,5.751,7.280,0.0776,103.35,253.00,6.341,4.731,7.200,10.000,6.667,7.500,0.000,0.700,pending_genome_safety_gate,preclinical_validation_priority_not_response_probability,FOS/GOS optional; acacia gum optional; probiotic arm strongest without synbiotic advantage,complete strain-resolved genome AMR/virulence/MGE screening before validation
28,ROBUST_028,Bifidobacterium longum BB536; Bifidobacterium breve MCC1274; Bifidobacterium breve BBr60; Bacillus coagulans BC99,BL_BB536; BB_MCC1274; BB_BBr60; BC_BC99,4,FORM_BB536_MCC1274; FORM_BBR60; FORM_BC99,,38542727; 39456659; 40416368,amino_acid_metabolism; barrier; bifidobacterium_niche; glucose; lipid; microbiome_shift; spore_former; visceral_fat; weight; weight_subgroup,6.634,5.806,7.398,0.0746,69.95,159.00,5.295,3.621,8.000,10.000,10.000,5.000,0.000,0.350,pending_genome_safety_gate,preclinical_validation_priority_not_response_probability,inulin/FOS optional; none specified,complete strain-resolved genome AMR/virulence/MGE screening before validation
29,ROBUST_029,Bifidobacterium lactis IDCC 4301; Bifidobacterium longum BB536; Bifidobacterium breve MCC1274; Lacticaseibacillus paracasei BEPC22; Lactiplantibacillus plantarum BELP53,BL_IDCC4301; BL_BB536; BB_MCC1274; LP_BEPC22; LPL_BELP53,5,FORM_IDCC4301; FORM_BB536_MCC1274; FORM_BN202M,,38542727; 38999741; 39051504,SCFA_network; barrier; bifidobacterium_niche; body_fat; carbohydrate_utilization; cross_feeding; lipid; lipid_metabolism; visceral_fat,6.602,5.846,7.316,0.0716,76.42,176.00,5.620,4.061,7.600,10.000,10.000,7.500,0.000,0.700,pending_genome_safety_gate,preclinical_validation_priority_not_response_probability,FOS/GOS optional; inulin/FOS optional,complete strain-resolved genome AMR/virulence/MGE screening before validation
30,ROBUST_030,Bifidobacterium lactis IDCC 4301; Lacticaseibacillus paracasei BEPC22; Lactiplantibacillus plantarum BELP53; Bacillus coagulans BC99,BL_IDCC4301; LP_BEPC22; LPL_BELP53; BC_BC99,4,FORM_IDCC4301; FORM_BN202M; FORM_BC99,,38999741; 39051504; 40416368,SCFA_network; bifidobacterium_niche; body_fat; carbohydrate_utilization; cross_feeding; lipid; lipid_metabolism; microbiome_shift; spore_former; weight_subgroup,6.585,5.767,7.389,0.0712,79.40,183.00,4.780,3.134,6.400,10.000,10.000,10.000,0.000,0.350,pending_genome_safety_gate,preclinical_validation_priority_not_response_probability,FOS/GOS optional; inulin/FOS optional; none specified,complete strain-resolved genome AMR/virulence/MGE screening before validation
31,ROBUST_031,Bifidobacterium lactis IDCC 4301; Lacticaseibacillus paracasei BEPC22; Lactiplantibacillus plantarum BELP53,BL_IDCC4301; LP_BEPC22; LPL_BELP53,3,FORM_IDCC4301; FORM_BN202M,,38999741; 39051504,SCFA_network; bifidobacterium_niche; body_fat; carbohydrate_utilization; cross_feeding; lipid; lipid_metabolism,6.394,5.458,7.319,0.0710,123.61,297.00,5.233,3.226,5.600,10.000,6.667,7.500,0.000,0.000,pending_genome_safety_gate,preclinical_validation_priority_not_response_probability,FOS/GOS optional; inulin/FOS optional,complete strain-resolved genome AMR/virulence/MGE screening before validation
32,ROBUST_032,Bifidobacterium lactis IDCC 4301; Bifidobacterium longum BB536; Bifidobacterium breve MCC1274; Bifidobacterium breve BBr60; Bacillus coagulans BC99,BL_IDCC4301; BL_BB536; BB_MCC1274; BB_BBr60; BC_BC99,5,FORM_IDCC4301; FORM_BB536_MCC1274; FORM_BBR60; FORM_BC99,,38542727; 39051504; 39456659; 40416368,SCFA_network; amino_acid_metabolism; barrier; bifidobacterium_niche; body_fat; glucose; lipid; microbiome_shift; spore_former; visceral_fat; weight; weight_subgroup,6.782,6.066,7.466,0.0702,45.97,95.00,5.512,4.110,10.000,10.000,10.000,5.000,0.000,0.700,pending_genome_safety_gate,preclinical_validation_priority_not_response_probability,inulin/FOS optional; none specified,complete strain-resolved genome AMR/virulence/MGE screening before validation
33,ROBUST_033,Bifidobacterium longum BB536; Bifidobacterium breve MCC1274; Lacticaseibacillus paracasei BEPC22; Lactiplantibacillus plantarum BELP53,BL_BB536; BB_MCC1274; LP_BEPC22; LPL_BELP53,4,FORM_BB536_MCC1274; FORM_BN202M,,38542727; 38999741,barrier; bifidobacterium_niche; body_fat; carbohydrate_utilization; cross_feeding; lipid; lipid_metabolism; visceral_fat,6.334,5.457,7.212,0.0686,137.63,324.00,5.348,3.461,6.800,10.000,6.667,7.500,0.000,0.350,pending_genome_safety_gate,preclinical_validation_priority_not_response_probability,FOS/GOS optional; inulin/FOS optional,complete strain-resolved genome AMR/virulence/MGE screening before validation
34,ROBUST_034,Lactobacillus fermentum K11; Bifidobacterium lactis IDCC 4301; Bifidobacterium animalis subsp. lactis B420,LF_K11; BL_IDCC4301; BL_B420,3,FORM_IDCC4301; FORM_B420_LU,FORM_LF_K7_K8_K11,27810310; 37447365; 39051504,BMI; SCFA_network; barrier; bifidobacterium_niche; body_fat; carbohydrate_utilization; fiber_response; lipid; waist; weight,6.475,5.560,7.349,0.0668,97.80,236.00,6.068,4.098,10.000,6.944,10.000,5.000,0.800,0.000,pending_genome_safety_gate,preclinical_validation_priority_not_response_probability,acacia gum optional; probiotic arm strongest without synbiotic advantage; inulin/FOS optional; polydextrose/Litesse Ultra,complete strain-resolved genome AMR/virulence/MGE screening before validation
35,ROBUST_035,Lactobacillus fermentum K8; Bifidobacterium lactis IDCC 4301; Bifidobacterium animalis subsp. lactis B420,LF_K8; BL_IDCC4301; BL_B420,3,FORM_IDCC4301; FORM_B420_LU,FORM_LF_K7_K8_K11,27810310; 37447365; 39051504,BMI; SCFA_network; barrier; bifidobacterium_niche; body_fat; carbohydrate_utilization; fiber_response; lipid; waist; weight,6.475,5.560,7.349,0.0650,97.82,235.00,6.068,4.098,10.000,6.944,10.000,5.000,0.800,0.000,pending_genome_safety_gate,preclinical_validation_priority_not_response_probability,acacia gum optional; probiotic arm strongest without synbiotic advantage; inulin/FOS optional; polydextrose/Litesse Ultra,complete strain-resolved genome AMR/virulence/MGE screening before validation
36,ROBUST_036,Lactobacillus fermentum K7; Bifidobacterium lactis IDCC 4301; Bifidobacterium animalis subsp. lactis B420,LF_K7; BL_IDCC4301; BL_B420,3,FORM_IDCC4301; FORM_B420_LU,FORM_LF_K7_K8_K11,27810310; 37447365; 39051504,BMI; SCFA_network; barrier; bifidobacterium_niche; body_fat; carbohydrate_utilization; fiber_response; lipid; waist; weight,6.475,5.560,7.349,0.0626,97.92,236.00,6.068,4.098,10.000,6.944,10.000,5.000,0.800,0.000,pending_genome_safety_gate,preclinical_validation_priority_not_response_probability,acacia gum optional; probiotic arm strongest without synbiotic advantage; inulin/FOS optional; polydextrose/Litesse Ultra,complete strain-resolved genome AMR/virulence/MGE screening before validation
37,ROBUST_037,Bifidobacterium animalis subsp. lactis B420; Bifidobacterium breve BBr60; Lacticaseibacillus paracasei BEPC22; Lactiplantibacillus plantarum BELP53; Bacillus coagulans BC99,BL_B420; BB_BBr60; LP_BEPC22; LPL_BELP53; BC_BC99,5,FORM_B420_LU; FORM_BBR60; FORM_BN202M; FORM_BC99,,27810310; 38999741; 39456659; 40416368,SCFA_network; amino_acid_metabolism; barrier; bifidobacterium_niche; body_fat; carbohydrate_utilization; cross_feeding; fiber_response; glucose; lipid_metabolism; microbiome_shift; spore_former; waist; weight; weight_subgroup,6.765,6.021,7.483,0.0610,49.33,104.00,4.893,3.448,8.800,10.000,10.000,10.000,0.000,0.700,pending_genome_safety_gate,preclinical_validation_priority_not_response_probability,FOS/GOS optional; inulin/FOS optional; none specified; polydextrose/Litesse Ultra,complete strain-resolved genome AMR/virulence/MGE screening before validation
38,ROBUST_038,Bifidobacterium longum BB536; Bifidobacterium breve MCC1274; Lacticaseibacillus paracasei BEPC22; Lactiplantibacillus plantarum BELP53; Bacillus coagulans BC99,BL_BB536; BB_MCC1274; LP_BEPC22; LPL_BELP53; BC_BC99,5,FORM_BB536_MCC1274; FORM_BN202M; FORM_BC99,,38542727; 38999741; 40416368,barrier; bifidobacterium_niche; body_fat; carbohydrate_utilization; cross_feeding; lipid; lipid_metabolism; microbiome_shift; spore_former; visceral_fat; weight_subgroup,6.509,5.694,7.299,0.0604,91.88,211.00,4.857,3.260,7.600,10.000,10.000,10.000,0.000,0.700,pending_genome_safety_gate,preclinical_validation_priority_not_response_probability,FOS/GOS optional; inulin/FOS optional; none specified,complete strain-resolved genome AMR/virulence/MGE screening before validation
39,ROBUST_039,Bifidobacterium animalis subsp. lactis B420; Lacticaseibacillus paracasei BEPC22; Lactiplantibacillus plantarum BELP53; Bacillus coagulans BC99,BL_B420; LP_BEPC22; LPL_BELP53; BC_BC99,4,FORM_B420_LU; FORM_BN202M; FORM_BC99,,27810310; 38999741; 40416368,SCFA_network; barrier; body_fat; carbohydrate_utilization; cross_feeding; fiber_response; lipid_metabolism; microbiome_shift; spore_former; waist; weight_subgroup,6.527,5.680,7.335,0.0562,88.15,205.00,4.651,2.944,6.400,10.000,10.000,10.000,0.000,0.350,pending_genome_safety_gate,preclinical_validation_priority_not_response_probability,FOS/GOS optional; none specified; polydextrose/Litesse Ultra,complete strain-resolved genome AMR/virulence/MGE screening before validation
40,ROBUST_040,Lactobacillus fermentum K7; Lactobacillus fermentum K8; Lactobacillus fermentum K11; Bifidobacterium longum BB536,LF_K7; LF_K8; LF_K11; BL_BB536,4,FORM_LF_K7_K8_K11,FORM_BB536_MCC1274,37447365; 38542727,BMI; SCFA_network; barrier; bifidobacterium_niche; body_fat; carbohydrate_utilization; lipid; visceral_fat; waist; weight,6.372,5.544,7.012,0.0552,128.95,311.00,8.159,6.365,9.200,5.625,6.667,5.000,0.800,0.350,pending_genome_safety_gate,preclinical_validation_priority_not_response_probability,acacia gum optional; probiotic arm strongest without synbiotic advantage; inulin/FOS optional,complete strain-resolved genome AMR/virulence/MGE screening before validation
41,ROBUST_041,Lactobacillus fermentum K7; Lactobacillus fermentum K8; Lactobacillus fermentum K11; Bifidobacterium breve MCC1274,LF_K7; LF_K8; LF_K11; BB_MCC1274,4,FORM_LF_K7_K8_K11,FORM_BB536_MCC1274,37447365; 38542727,BMI; SCFA_network; barrier; bifidobacterium_niche; body_fat; carbohydrate_utilization; lipid; visceral_fat; waist; weight,6.372,5.544,7.012,0.0550,128.96,311.00,8.159,6.365,9.200,5.625,6.667,5.000,0.800,0.350,pending_genome_safety_gate,preclinical_validation_priority_not_response_probability,acacia gum optional; probiotic arm strongest without synbiotic advantage; inulin/FOS optional,complete strain-resolved genome AMR/virulence/MGE screening before validation
42,ROBUST_042,Bifidobacterium longum BB536; Bifidobacterium breve MCC1274; Bifidobacterium animalis subsp. lactis B420; Bifidobacterium breve BBr60; Bacillus coagulans BC99,BL_BB536; BB_MCC1274; BL_B420; BB_BBr60; BC_BC99,5,FORM_BB536_MCC1274; FORM_B420_LU; FORM_BBR60; FORM_BC99,,27810310; 38542727; 39456659; 40416368,SCFA_network; amino_acid_metabolism; barrier; bifidobacterium_niche; body_fat; fiber_response; glucose; lipid; microbiome_shift; spore_former; visceral_fat; waist; weight; weight_subgroup,6.738,5.993,7.446,0.0456,50.97,106.00,5.416,3.958,10.000,10.000,10.000,5.000,0.000,0.700,pending_genome_safety_gate,preclinical_validation_priority_not_response_probability,inulin/FOS optional; none specified; polydextrose/Litesse Ultra,complete strain-resolved genome AMR/virulence/MGE screening before validation
43,ROBUST_043,Lactobacillus fermentum K11; Bifidobacterium longum BB536; Bifidobacterium breve MCC1274,LF_K11; BL_BB536; BB_MCC1274,3,FORM_BB536_MCC1274,FORM_LF_K7_K8_K11,37447365; 38542727,BMI; SCFA_network; barrier; bifidobacterium_niche; body_fat; carbohydrate_utilization; lipid; visceral_fat; waist; weight,5.965,4.790,7.002,0.0398,227.72,562.00,6.547,3.963,9.200,5.417,6.667,5.000,0.800,0.000,pending_genome_safety_gate,preclinical_validation_priority_not_response_probability,acacia gum optional; probiotic arm strongest without synbiotic advantage; inulin/FOS optional,complete strain-resolved genome AMR/virulence/MGE screening before validation
44,ROBUST_044,Lactobacillus fermentum K7; Bifidobacterium longum BB536; Bifidobacterium breve MCC1274,LF_K7; BL_BB536; BB_MCC1274,3,FORM_BB536_MCC1274,FORM_LF_K7_K8_K11,37447365; 38542727,BMI; SCFA_network; barrier; bifidobacterium_niche; body_fat; carbohydrate_utilization; lipid; visceral_fat; waist; weight,5.965,4.790,7.002,0.0396,227.81,561.00,6.547,3.963,9.200,5.417,6.667,5.000,0.800,0.000,pending_genome_safety_gate,preclinical_validation_priority_not_response_probability,acacia gum optional; probiotic arm strongest without synbiotic advantage; inulin/FOS optional,complete strain-resolved genome AMR/virulence/MGE screening before validation
45,ROBUST_045,Lactobacillus fermentum K8; Bifidobacterium longum BB536; Bifidobacterium breve MCC1274,LF_K8; BL_BB536; BB_MCC1274,3,FORM_BB536_MCC1274,FORM_LF_K7_K8_K11,37447365; 38542727,BMI; SCFA_network; barrier; bifidobacterium_niche; body_fat; carbohydrate_utilization; lipid; visceral_fat; waist; weight,5.965,4.790,7.002,0.0394,227.75,561.00,6.547,3.963,9.200,5.417,6.667,5.000,0.800,0.000,pending_genome_safety_gate,preclinical_validation_priority_not_response_probability,acacia gum optional; probiotic arm strongest without synbiotic advantage; inulin/FOS optional,complete strain-resolved genome AMR/virulence/MGE screening before validation
46,ROBUST_046,Lactobacillus fermentum K11; Bifidobacterium animalis subsp. lactis B420; Bifidobacterium breve BBr60,LF_K11; BL_B420; BB_BBr60,3,FORM_B420_LU; FORM_BBR60,FORM_LF_K7_K8_K11,27810310; 37447365; 39456659,BMI; SCFA_network; amino_acid_metabolism; barrier; bifidobacterium_niche; body_fat; carbohydrate_utilization; fiber_response; glucose; waist; weight,6.355,5.430,7.250,0.0332,116.66,268.00,5.805,3.891,10.000,6.944,10.000,5.000,0.800,0.000,pending_genome_safety_gate,preclinical_validation_priority_not_response_probability,acacia gum optional; probiotic arm strongest without synbiotic advantage; inulin/FOS optional; polydextrose/Litesse Ultra,complete strain-resolved genome AMR/virulence/MGE screening before validation
47,ROBUST_047,Lactobacillus fermentum K8; Bifidobacterium animalis subsp. lactis B420; Bifidobacterium breve BBr60,LF_K8; BL_B420; BB_BBr60,3,FORM_B420_LU; FORM_BBR60,FORM_LF_K7_K8_K11,27810310; 37447365; 39456659,BMI; SCFA_network; amino_acid_metabolism; barrier; bifidobacterium_niche; body_fat; carbohydrate_utilization; fiber_response; glucose; waist; weight,6.355,5.430,7.250,0.0316,116.70,267.00,5.805,3.891,10.000,6.944,10.000,5.000,0.800,0.000,pending_genome_safety_gate,preclinical_validation_priority_not_response_probability,acacia gum optional; probiotic arm strongest without synbiotic advantage; inulin/FOS optional; polydextrose/Litesse Ultra,complete strain-resolved genome AMR/virulence/MGE screening before validation
48,ROBUST_048,Lactobacillus fermentum K7; Bifidobacterium animalis subsp. lactis B420; Bifidobacterium breve BBr60,LF_K7; BL_B420; BB_BBr60,3,FORM_B420_LU; FORM_BBR60,FORM_LF_K7_K8_K11,27810310; 37447365; 39456659,BMI; SCFA_network; amino_acid_metabolism; barrier; bifidobacterium_niche; body_fat; carbohydrate_utilization; fiber_response; glucose; waist; weight,6.355,5.430,7.250,0.0310,116.74,267.10,5.805,3.891,10.000,6.944,10.000,5.000,0.800,0.000,pending_genome_safety_gate,preclinical_validation_priority_not_response_probability,acacia gum optional; probiotic arm strongest without synbiotic advantage; inulin/FOS optional; polydextrose/Litesse Ultra,complete strain-resolved genome AMR/virulence/MGE screening before validation
49,ROBUST_049,Bifidobacterium lactis IDCC 4301; Bifidobacterium longum BB536; Bifidobacterium breve MCC1274; Bacillus coagulans BC99,BL_IDCC4301; BL_BB536; BB_MCC1274; BC_BC99,4,FORM_IDCC4301; FORM_BB536_MCC1274; FORM_BC99,,38542727; 39051504; 40416368,SCFA_network; barrier; bifidobacterium_niche; body_fat; lipid; microbiome_shift; spore_former; visceral_fat; weight_subgroup,6.477,5.704,7.235,0.0298,91.82,198.00,5.477,3.822,6.800,10.000,10.000,5.000,0.000,0.350,pending_genome_safety_gate,preclinical_validation_priority_not_response_probability,inulin/FOS optional; none specified,complete strain-resolved genome AMR/virulence/MGE screening before validation
50,ROBUST_050,Lactobacillus fermentum K11; Bifidobacterium breve BBr60; Bacillus coagulans BC99,LF_K11; BB_BBr60; BC_BC99,3,FORM_BBR60; FORM_BC99,FORM_LF_K7_K8_K11,37447365; 39456659; 40416368,BMI; SCFA_network; amino_acid_metabolism; bifidobacterium_niche; body_fat; carbohydrate_utilization; glucose; microbiome_shift; spore_former; waist; weight; weight_subgroup,6.195,5.206,7.173,0.0210,148.72,320.00,4.891,2.845,10.000,6.944,10.000,7.500,0.800,0.000,pending_genome_safety_gate,preclinical_validation_priority_not_response_probability,acacia gum optional; probiotic arm strongest without synbiotic advantage; inulin/FOS optional; none specified,complete strain-resolved genome AMR/virulence/MGE screening before validation
